NOME;FICHA;CODRE;NOMRE;TOTOR;NIVEL;TIPO;PERCE;VINGRUPO;VINCODIGO;LEGIS;FONINDUSO;FONGRUPO;FONCODIGO;FONTE;EMPRESA;TIPO_ORCAM;EMPRESANOME;FONGRUPONOME;FONCODIGONOME;VINGRUPONOME;VINCODIGONOME;TIPO_ORCAMNOME;FONRO;FONTE_DETALHE;FONTE_STN;FONTE_STNNOME;COMPFR_STN;NOME_DETALHADO;VPA;VPANOME;CODLOREC;CODLORECNOME;COMPFR_STN_DESC;FONINDUSONOME;DB;
IPTU - Imp. Predial e Territorial  Urbana Principa;1;1112.50.0.1.01.00;IPTU - Imp. Predial e Territorial  Urbana Principa;440000;8;;;110;000;                                                                                                                                                                                                                                                          ;0;01;00;0.01.00.1.500.0-110 000;1;10;PREFEITURA MUNICIPAL DE ARAMINA;TESOURO;Recursos Ordinarios;GERAL;GERAL;FISCAL;;;1.500;Recursos não Vinculados de Impostos (Exerc.Corrente);0;IPTU - Imp. Predial e Territorial  Urbana Principa;C;Antes da Ocorrência da Arrecadação (manual pelo Usuário);;;0000-Não se Aplica;Recursos nao Destinados a Contrapartida;1;
IPTU -  Multas e Juros;2;1112.50.0.2.01.00;IPTU -  Multas e Juros;8000;8;;;110;000;                                                                                                                                                                                                                                                          ;0;01;00;0.01.00.1.500.0-110 000;1;10;PREFEITURA MUNICIPAL DE ARAMINA;TESOURO;Recursos Ordinarios;GERAL;GERAL;FISCAL;;;1.500;Recursos não Vinculados de Impostos (Exerc.Corrente);0;IPTU -  Multas e Juros;V;Junto com a Ocorrência da Arrecadação (Automática);;;0000-Não se Aplica;Recursos nao Destinados a Contrapartida;1;
IPTU -  Divida Ativa;3;1112.50.0.3.01.00;IPTU -  Divida Ativa;150000;8;;;110;000;                                                                                                                                                                                                                                                          ;0;01;00;0.01.00.1.500.0-110 000;1;10;PREFEITURA MUNICIPAL DE ARAMINA;TESOURO;Recursos Ordinarios;GERAL;GERAL;FISCAL;;;1.500;Recursos não Vinculados de Impostos (Exerc.Corrente);0;IPTU -  Divida Ativa;C;Antes da Ocorrência da Arrecadação (manual pelo Usuário);;;0000-Não se Aplica;Recursos nao Destinados a Contrapartida;1;
IPTU - Divida Ativa - Multas e Juros;4;1112.50.0.4.01.01;IPTU - Divida Ativa - Multas e Juros;30000;9;;;110;000;                                                                                                                                                                                                                                                          ;0;01;00;0.01.00.1.500.0-110 000;1;10;PREFEITURA MUNICIPAL DE ARAMINA;TESOURO;Recursos Ordinarios;GERAL;GERAL;FISCAL;;;1.500;Recursos não Vinculados de Impostos (Exerc.Corrente);0;IPTU - Divida Ativa - Multas e Juros;V;Junto com a Ocorrência da Arrecadação (Automática);;;0000-Não se Aplica;Recursos nao Destinados a Contrapartida;1;
ITBI - Inter Vivos -Principal;5;1112.53.0.1.01.00;ITBI - Inter Vivos -Principal;800000;8;;;110;000;                                                                                                                                                                                                                                                          ;0;01;00;0.01.00.1.500.0-110 000;1;10;PREFEITURA MUNICIPAL DE ARAMINA;TESOURO;Recursos Ordinarios;GERAL;GERAL;FISCAL;;;1.500;Recursos não Vinculados de Impostos (Exerc.Corrente);0;ITBI - Inter Vivos -Principal;V;Junto com a Ocorrência da Arrecadação (Automática);;;0000-Não se Aplica;Recursos nao Destinados a Contrapartida;1;
I.R. Retido nas Fontes - Trabalho Assalariado Prin;6;1113.03.1.1.01.00;I.R. Retido nas Fontes - Trabalho Assalariado Prin;800000;8;;;110;000;                                                                                                                                                                                                                                                          ;0;01;00;0.01.00.1.500.0-110 000;1;10;PREFEITURA MUNICIPAL DE ARAMINA;TESOURO;Recursos Ordinarios;GERAL;GERAL;FISCAL;;;1.500;Recursos não Vinculados de Impostos (Exerc.Corrente);0;I.R. Retido nas Fontes - Trabalho Assalariado Prin;V;Junto com a Ocorrência da Arrecadação (Automática);;;0000-Não se Aplica;Recursos nao Destinados a Contrapartida;1;
I.R. Retido nas Fontes - Outros Rendimentos - P. J;7;1113.03.4.1.01.00;I.R. Retido nas Fontes - Outros Rendimentos - P. J;90000;8;;;110;000;                                                                                                                                                                                                                                                          ;0;01;00;0.01.00.1.500.0-110 000;1;10;PREFEITURA MUNICIPAL DE ARAMINA;TESOURO;Recursos Ordinarios;GERAL;GERAL;FISCAL;;;1.500;Recursos não Vinculados de Impostos (Exerc.Corrente);0;I.R. Retido nas Fontes - Outros Rendimentos - P. J;V;Junto com a Ocorrência da Arrecadação (Automática);;;0000-Não se Aplica;Recursos nao Destinados a Contrapartida;1;
I.R. Retido nas Fontes - Outros Rendimentos - P. F;8;1113.03.4.1.03.00;I.R. Retido nas Fontes - Outros Rendimentos - P. F;15000;8;;;110;000;                                                                                                                                                                                                                                                          ;0;01;00;0.01.00.1.500.0-110 000;1;10;PREFEITURA MUNICIPAL DE ARAMINA;TESOURO;Recursos Ordinarios;GERAL;GERAL;FISCAL;;;1.500;Recursos não Vinculados de Impostos (Exerc.Corrente);0;I.R. Retido nas Fontes - Outros Rendimentos - P. F;V;Junto com a Ocorrência da Arrecadação (Automática);;;0000-Não se Aplica;Recursos nao Destinados a Contrapartida;1;
ISSQN - Proprio - Principal;9;1114.51.1.1.01.00;ISSQN - Proprio - Principal;3900000;8;;;110;000;                                                                                                                                                                                                                                                          ;0;01;00;0.01.00.1.500.0-110 000;1;10;PREFEITURA MUNICIPAL DE ARAMINA;TESOURO;Recursos Ordinarios;GERAL;GERAL;FISCAL;;;1.500;Recursos não Vinculados de Impostos (Exerc.Corrente);0;ISSQN - Proprio - Principal;V;Junto com a Ocorrência da Arrecadação (Automática);;;0000-Não se Aplica;Recursos nao Destinados a Contrapartida;1;
ISS PRINCIPAL - Transf. SNA - Simples Nacional;10;1114.51.1.1.02.00;ISS PRINCIPAL - Transf. SNA - Simples Nacional;300000;8;;;110;000;                                                                                                                                                                                                                                                          ;0;01;00;0.01.00.1.500.0-110 000;1;10;PREFEITURA MUNICIPAL DE ARAMINA;TESOURO;Recursos Ordinarios;GERAL;GERAL;FISCAL;;;1.500;Recursos não Vinculados de Impostos (Exerc.Corrente);0;ISS PRINCIPAL - Transf. SNA - Simples Nacional;V;Junto com a Ocorrência da Arrecadação (Automática);;;0000-Não se Aplica;Recursos nao Destinados a Contrapartida;1;
ISSQN - Multas e Juros;11;1114.51.1.2.01.00;ISSQN - Multas e Juros;2000;8;;;110;000;                                                                                                                                                                                                                                                          ;0;01;00;0.01.00.1.500.0-110 000;1;10;PREFEITURA MUNICIPAL DE ARAMINA;TESOURO;Recursos Ordinarios;GERAL;GERAL;FISCAL;;;1.500;Recursos não Vinculados de Impostos (Exerc.Corrente);0;ISSQN - Multas e Juros;V;Junto com a Ocorrência da Arrecadação (Automática);;;0000-Não se Aplica;Recursos nao Destinados a Contrapartida;1;
Receita Divida Ativa do Imposto s/ISSQN;12;1114.51.1.3.01.00;Receita Divida Ativa do Imposto s/ISSQN;25000;8;;;110;000;                                                                                                                                                                                                                                                          ;0;01;00;0.01.00.1.500.0-110 000;1;10;PREFEITURA MUNICIPAL DE ARAMINA;TESOURO;Recursos Ordinarios;GERAL;GERAL;FISCAL;;;1.500;Recursos não Vinculados de Impostos (Exerc.Corrente);0;Receita Divida Ativa do Imposto s/ISSQN;C;Antes da Ocorrência da Arrecadação (manual pelo Usuário);;;0000-Não se Aplica;Recursos nao Destinados a Contrapartida;1;
Multas e Juros de mora divida ativa imp s/ISSQN;13;1114.51.1.4.01.00;Multas e Juros de mora divida ativa imp s/ISSQN;3000;8;;;110;000;                                                                                                                                                                                                                                                          ;0;01;00;0.01.00.1.500.0-110 000;1;10;PREFEITURA MUNICIPAL DE ARAMINA;TESOURO;Recursos Ordinarios;GERAL;GERAL;FISCAL;;;1.500;Recursos não Vinculados de Impostos (Exerc.Corrente);0;Multas e Juros de mora divida ativa imp s/ISSQN;V;Junto com a Ocorrência da Arrecadação (Automática);;;0000-Não se Aplica;Recursos nao Destinados a Contrapartida;1;
Taxa de Fiscalização de Vigilância Sanitária;14;1121.01.0.1.17.01;Taxa de Fiscalização de Vigilância Sanitária;10000;9;;;310;000;                                                                                                                                                                                                                                                          ;0;01;00;0.01.00.1.500.0-310 000;1;20;PREFEITURA MUNICIPAL DE ARAMINA;TESOURO;Recursos Ordinarios;SAÚDE–GERAL;SAÚDE–GERAL;SEGURIDADE SOCIAL;;;1.500;Recursos não Vinculados de Impostos (Exerc.Corrente);0;Taxa de Fiscalização de Vigilância Sanitária;V;Junto com a Ocorrência da Arrecadação (Automática);;;0000-Não se Aplica;Recursos nao Destinados a Contrapartida;1;
Taxa de Licp/Funcion de Estabel. Comercial;15;1121.01.0.1.25.01;Taxa de Licp/Funcion de Estabel. Comercial;30000;9;;;110;000;                                                                                                                                                                                                                                                          ;0;01;00;0.01.00.1.500.0-110 000;1;10;PREFEITURA MUNICIPAL DE ARAMINA;TESOURO;Recursos Ordinarios;GERAL;GERAL;FISCAL;;;1.500;Recursos não Vinculados de Impostos (Exerc.Corrente);0;Taxa de Licp/Funcion de Estabel. Comercial;V;Junto com a Ocorrência da Arrecadação (Automática);;;0000-Não se Aplica;Recursos nao Destinados a Contrapartida;1;
Taxa de Lic p/Ativ.Comércio Eventual/Ambulante;16;1121.01.0.1.25.04;Taxa de Lic p/Ativ.Comércio Eventual/Ambulante;10000;9;;;110;000;                                                                                                                                                                                                                                                          ;0;01;00;0.01.00.1.500.0-110 000;1;10;PREFEITURA MUNICIPAL DE ARAMINA;TESOURO;Recursos Ordinarios;GERAL;GERAL;FISCAL;;;1.500;Recursos não Vinculados de Impostos (Exerc.Corrente);0;Taxa de Lic p/Ativ.Comércio Eventual/Ambulante;V;Junto com a Ocorrência da Arrecadação (Automática);;;0000-Não se Aplica;Recursos nao Destinados a Contrapartida;1;
Taxa de Licença para Execução de Obras;17;1121.01.0.1.29.01;Taxa de Licença para Execução de Obras;10000;9;;;110;000;                                                                                                                                                                                                                                                          ;0;01;00;0.01.00.1.500.0-110 000;1;10;PREFEITURA MUNICIPAL DE ARAMINA;TESOURO;Recursos Ordinarios;GERAL;GERAL;FISCAL;;;1.500;Recursos não Vinculados de Impostos (Exerc.Corrente);0;Taxa de Licença para Execução de Obras;V;Junto com a Ocorrência da Arrecadação (Automática);;;0000-Não se Aplica;Recursos nao Destinados a Contrapartida;1;
Multas e Juros de mora de outros Tributos;18;1121.01.0.2.01.00;Multas e Juros de mora de outros Tributos;10000;8;;;110;000;                                                                                                                                                                                                                                                          ;0;01;00;0.01.00.1.500.0-110 000;1;10;PREFEITURA MUNICIPAL DE ARAMINA;TESOURO;Recursos Ordinarios;GERAL;GERAL;FISCAL;;;1.500;Recursos não Vinculados de Impostos (Exerc.Corrente);0;Multas e Juros de mora de outros Tributos;V;Junto com a Ocorrência da Arrecadação (Automática);;;0000-Não se Aplica;Recursos nao Destinados a Contrapartida;1;
Receita Divida Ativa de Outros Tributos Principal;19;1121.01.0.3.01.00;Receita Divida Ativa de Outros Tributos Principal;60000;8;;;110;000;                                                                                                                                                                                                                                                          ;0;01;00;0.01.00.1.500.0-110 000;1;10;PREFEITURA MUNICIPAL DE ARAMINA;TESOURO;Recursos Ordinarios;GERAL;GERAL;FISCAL;;;1.500;Recursos não Vinculados de Impostos (Exerc.Corrente);0;Receita Divida Ativa de Outros Tributos Principal;C;Antes da Ocorrência da Arrecadação (manual pelo Usuário);;;0000-Não se Aplica;Recursos nao Destinados a Contrapartida;1;
Multas e Juros de mora divida ativa de outros trib;20;1121.01.0.4.01.00;Multas e Juros de mora divida ativa de outros trib;10000;8;;;110;000;                                                                                                                                                                                                                                                          ;0;01;00;0.01.00.1.500.0-110 000;1;10;PREFEITURA MUNICIPAL DE ARAMINA;TESOURO;Recursos Ordinarios;GERAL;GERAL;FISCAL;;;1.500;Recursos não Vinculados de Impostos (Exerc.Corrente);0;Multas e Juros de mora divida ativa de outros trib;V;Junto com a Ocorrência da Arrecadação (Automática);;;0000-Não se Aplica;Recursos nao Destinados a Contrapartida;1;
Multas e Juros de Mora da Dívida Ativa de Taxas Mo;21;1121.01.0.4.99.02;Multas e Juros de Mora da Dívida Ativa de Taxas Mo;5000;9;;;110;000;                                                                                                                                                                                                                                                          ;0;01;00;0.01.00.1.500.0-110 000;1;10;PREFEITURA MUNICIPAL DE ARAMINA;TESOURO;Recursos Ordinarios;GERAL;GERAL;FISCAL;;;1.500;Recursos não Vinculados de Impostos (Exerc.Corrente);0;Multas e Juros de Mora da Dívida Ativa de Taxas Mo;V;Junto com a Ocorrência da Arrecadação (Automática);;;0000-Não se Aplica;Recursos nao Destinados a Contrapartida;1;
Multas e Juros de Mora da Dívida Ativa de Taxas Im;22;1121.01.0.4.99.03;Multas e Juros de Mora da Dívida Ativa de Taxas Im;5000;9;;;110;000;                                                                                                                                                                                                                                                          ;0;01;00;0.01.00.1.500.0-110 000;1;10;PREFEITURA MUNICIPAL DE ARAMINA;TESOURO;Recursos Ordinarios;GERAL;GERAL;FISCAL;;;1.500;Recursos não Vinculados de Impostos (Exerc.Corrente);0;Multas e Juros de Mora da Dívida Ativa de Taxas Im;V;Junto com a Ocorrência da Arrecadação (Automática);;;0000-Não se Aplica;Recursos nao Destinados a Contrapartida;1;
Taxa de Expediente;23;1122.01.0.1.01.00;Taxa de Expediente;200000;8;;;110;000;                                                                                                                                                                                                                                                          ;0;01;00;0.01.00.1.500.0-110 000;1;10;PREFEITURA MUNICIPAL DE ARAMINA;TESOURO;Recursos Ordinarios;GERAL;GERAL;FISCAL;;;1.500;Recursos não Vinculados de Impostos (Exerc.Corrente);0;Taxa de Expediente;V;Junto com a Ocorrência da Arrecadação (Automática);;;0000-Não se Aplica;Recursos nao Destinados a Contrapartida;1;
Taxa de Coleta de Lixo Domicilar;24;1122.01.0.1.02.00;Taxa de Coleta de Lixo Domicilar;210000;8;;;110;000;                                                                                                                                                                                                                                                          ;0;01;00;0.01.00.1.500.0-110 000;1;10;PREFEITURA MUNICIPAL DE ARAMINA;TESOURO;Recursos Ordinarios;GERAL;GERAL;FISCAL;;;1.500;Recursos não Vinculados de Impostos (Exerc.Corrente);0;Taxa de Coleta de Lixo Domicilar;V;Junto com a Ocorrência da Arrecadação (Automática);;;0000-Não se Aplica;Recursos nao Destinados a Contrapartida;1;
Taxa de Custas Processuais;25;1122.01.0.1.04.00;Taxa de Custas Processuais;3000;8;;;110;000;                                                                                                                                                                                                                                                          ;0;01;00;0.01.00.1.500.0-110 000;1;10;PREFEITURA MUNICIPAL DE ARAMINA;TESOURO;Recursos Ordinarios;GERAL;GERAL;FISCAL;;;1.500;Recursos não Vinculados de Impostos (Exerc.Corrente);0;Taxa de Custas Processuais;V;Junto com a Ocorrência da Arrecadação (Automática);;;0000-Não se Aplica;Recursos nao Destinados a Contrapartida;1;
Contr.p/Custeio do Serviço de Iluminação Pública;26;1241.50.0.1.01.00;Contr.p/Custeio do Serviço de Iluminação Pública;500000;8;;;110;000;                                                                                                                                                                                                                                                          ;0;01;00;0.01.00.1.500.0-110 000;1;10;PREFEITURA MUNICIPAL DE ARAMINA;TESOURO;Recursos Ordinarios;GERAL;GERAL;FISCAL;;;1.500;Recursos não Vinculados de Impostos (Exerc.Corrente);0;Contr.p/Custeio do Serviço de Iluminação Pública;V;Junto com a Ocorrência da Arrecadação (Automática);;;0000-Não se Aplica;Recursos nao Destinados a Contrapartida;1;
Aluguéis de Imóveis Urbanos;27;1311.01.1.1.01.00;Aluguéis de Imóveis Urbanos;30000;8;;;110;000;                                                                                                                                                                                                                                                          ;0;01;00;0.01.00.1.500.0-110 000;1;10;PREFEITURA MUNICIPAL DE ARAMINA;TESOURO;Recursos Ordinarios;GERAL;GERAL;FISCAL;;;1.500;Recursos não Vinculados de Impostos (Exerc.Corrente);0;Aluguéis de Imóveis Urbanos;V;Junto com a Ocorrência da Arrecadação (Automática);;;0000-Não se Aplica;Recursos nao Destinados a Contrapartida;1;
Rem.Dep.B.Vinc - FUNDEB;28;1321.01.0.1.01.02;Rem.Dep.B.Vinc - FUNDEB;37000;9;;;263;000;                                                                                                                                                                                                                                                          ;0;05;10;0.05.10.1.540.1070-263 000;1;10;PREFEITURA MUNICIPAL DE ARAMINA;TRANSFERÊNCIAS E CONVÊNIOS FEDERAIS-VINCULADOS;TRANSFERENCIA  FEDERAL DO FUNDEB;REMUNERAÇÃO DE APLICAÇÕES FINANCEIRAS;REMUNERAÇÃO DE APLICAÇÕES FINANCEIRAS;FISCAL;;;1.540;Transferências do FUNDEB - Impostos e Transferências de Impostos (Exerc.Corrente);1070;Rem.Dep.B.Vinc - FUNDEB;V;Junto com a Ocorrência da Arrecadação (Automática);;;1070-Identificação do percentual aplicado no pagamento da remuneração dos profissionais da educação básica em efetivo exercício;Recursos nao Destinados a Contrapartida;1;
Rem.Dep.B.Vinc - FMS - Saude (15%);29;1321.01.0.1.01.03;Rem.Dep.B.Vinc - FMS - Saude (15%);3000;9;;;311;000;                                                                                                                                                                                                                                                          ;0;01;00;0.01.00.1.500.1002-311 000;1;10;PREFEITURA MUNICIPAL DE ARAMINA;TESOURO;Recursos Ordinarios;REMUNERAÇÃO DE APLICAÇÕES FINANCEIRAS;REMUNERAÇÃO DE APLICAÇÕES FINANCEIRAS;FISCAL;;;1.500;Recursos não Vinculados de Impostos (Exerc.Corrente);1002;Rem.Dep.B.Vinc - FMS - Saude (15%);V;Junto com a Ocorrência da Arrecadação (Automática);;;1002-Identificação das despesas com ações e serviços públicos de saúde;Recursos nao Destinados a Contrapartida;1;
Rem. Dep B. Vinc - FMAS (Assistencia Social Rec Pr;30;1321.01.0.1.01.04;Rem. Dep B. Vinc - FMAS (Assistencia Social Rec Pr;1000;9;;;511;000;                                                                                                                                                                                                                                                          ;0;01;00;0.01.00.1.669.0-511 000;1;10;PREFEITURA MUNICIPAL DE ARAMINA;TESOURO;Recursos Ordinarios;REMUNERAÇÃO DE APLICAÇÕES FINANCEIRAS;REMUNERAÇÃO DE APLICAÇÕES FINANCEIRAS;FISCAL;;;1.669;Outros Recursos Vinculados à Assistência Social (Exerc.Corrente);0;Rem. Dep B. Vinc - FMAS (Assistencia Social Rec Pr;V;Junto com a Ocorrência da Arrecadação (Automática);;;0000-Não se Aplica;Recursos nao Destinados a Contrapartida;1;
Rem.Dep.B. - FNDE - PDDE - Prog. Dinheiro Direto Escola;31;1321.01.0.1.01.05;Rem.Dep.B. - FNDE - PDDE - Prog. Dinheiro Direto Escola;500;9;;;292;000;                                                                                                                                                                                                                                                          ;0;05;14;0.05.14.1.569.0-292 000;1;10;PREFEITURA MUNICIPAL DE ARAMINA;TRANSFERÊNCIAS E CONVÊNIOS FEDERAIS-VINCULADOS;TRANSFERÊNCIAS FEDERAL FNDE;RECURSOS DO PDDE - PRÉ-ESCOLA;RECURSOS DO PDDE - PRÉ-ESCOLA;FISCAL;;;1.569;Outras Transferências de Recursos do FNDE (Exerc.Corrente);0; Rem.Dep.B. - FNDE - PDDE - Prog. Dinheiro Direto Escola ;V;Junto com a Ocorrência da Arrecadação (Automática);;;0000-Não se Aplica;Recursos nao Destinados a Contrapartida;1;
Rec Rem Vinc Piso Enfermagem (38.968-4);32;1321.01.0.1.01.06;Rec Rem Vinc Piso Enfermagem (38.968-4);5000;9;;;370;000;;0;05;16;0.05.16.1.605.0-370 000;1;20;PREFEITURA MUNICIPAL DE ARAMINA;TRANSFERÊNCIAS E CONVÊNIOS FEDERAIS-VINCULADOS;TRANSFERÊNCIA FEDERAL SISTEMA ÚNICO DE SAÚDE;GRUPO DA ASSISTÊNCIA FINANCEIRA COMPLEME;GRUPO DA ASSISTÊNCIA FINANCEIRA COMPLEME;SEGURIDADE SOCIAL;;;1.605;Assistência financeira da União destinada à complementação ao pagamento dos pisos salariais para profissionais daenfermagem (Exerc.Corrente);0;Rec Rem Vinc Piso Enfermagem (38.968-4);V;Junto com a Ocorrência da Arrecadação (Automática);;;0000-Não se Aplica;Recursos nao Destinados a Contrapartida;1;
Rem.Dep.B.Vinc - FNS- SUS- Bl. Investimento;33;1321.01.0.1.01.07;Rem.Dep.B.Vinc - FNS- SUS- Bl. Investimento;500;9;;;361;000;                                                                                                                                                                                                                                                          ;0;05;16;0.05.16.1.601.0-361 000;1;20;PREFEITURA MUNICIPAL DE ARAMINA;TRANSFERÊNCIAS E CONVÊNIOS FEDERAIS-VINCULADOS;TRANSFERÊNCIA FEDERAL SISTEMA ÚNICO DE SAÚDE;BLOCO INVEST.REDE SERVIÇOS SAÚDE-Rem.Apl;BLOCO INVEST.REDE SERVIÇOS SAÚDE-Rem.Apl;SEGURIDADE SOCIAL;;;1.601;Transf.Fundo a Fundo de Recursos do SUS provenientes do Governo Federal - Bloco de Estruturação da Rede de Serviços Públicos de Saúde (Exerc.Corrente);0;Rem.Dep.B.Vinc - FNS- SUS- Bl. Investimento;V;Junto com a Ocorrência da Arrecadação (Automática);;;0000-Não se Aplica;Recursos nao Destinados a Contrapartida;1;
Rec Rem Vinc CIDE;34;1321.01.0.1.01.09;Rec Rem Vinc CIDE;500;9;;;131;000;                                                                                                                                                                                                                                                          ;0;01;00;0.01.00.1.750.-131 000;1;10;PREFEITURA MUNICIPAL DE ARAMINA;TESOURO;Recursos Ordinarios;REMUNERAÇÃO DE APLICAÇÕES FINANCEIRAS;REMUNERAÇÃO DE APLICAÇÕES FINANCEIRAS;FISCAL;;;1.750;Recursos da Contribuição de Intervenção no Domínio Econômico - CIDE (Exerc.Corrente);;Rec Rem Vinc CIDE;V;Junto com a Ocorrência da Arrecadação (Automática);;;0000-Não se Aplica;Recursos nao Destinados a Contrapartida;1;
Rec Rem Vinc FNAS ( PBV );35;1321.01.0.1.01.10;Rec Rem Vinc FNAS ( PBV );500;9;;;500;000;                                                                                                                                                                                                                                                          ;0;01;00;0.01.00.1.621.-500 000;1;10;PREFEITURA MUNICIPAL DE ARAMINA;TESOURO;Recursos Ordinarios;ASSISTÊNCIA SOCIAL;ASSISTÊNCIA SOCIAL-Convênios/entidades/f;FISCAL;;;1.621;Transferências Fundo a Fundo de Recursos do SUS provenientes do Governo Estadual (Exerc.Corrente);;Rec Rem Vinc FNAS ( PBV );V;Junto com a Ocorrência da Arrecadação (Automática);;;0000-Não se Aplica;Recursos nao Destinados a Contrapartida;1;
Rec Rem Recursos Não Vinculados (Proprio);36;1321.01.0.1.02.99;Rec Rem Recursos Não Vinculados (Proprio);100000;9;;;111;000;                                                                                                                                                                                                                                                          ;0;01;00;0.01.00.1.500.0-111 000;1;10;PREFEITURA MUNICIPAL DE ARAMINA;TESOURO;Recursos Ordinarios;REMUNERAÇÃO DE APLICAÇÕES FINANCEIRAS;REMUNERAÇÃO DE APLICAÇÕES FINANCEIRAS;FISCAL;;;1.500;Recursos não Vinculados de Impostos (Exerc.Corrente);0;Rec Rem Recursos Não Vinculados (Proprio);V;Junto com a Ocorrência da Arrecadação (Automática);;;0000-Não se Aplica;Recursos nao Destinados a Contrapartida;1;
Rec Rem Auxilio Transporte de Alunos (ATA ESTADUAL;37;1321.01.0.1.05.26;Rec Rem Auxilio Transporte de Alunos (ATA ESTADUAL;3000;9;;;220;016;                                                                                                                                                                                                                                                          ;0;02;19;0.02.19.1.571.0-220 016;1;10;PREFEITURA MUNICIPAL DE ARAMINA;TRANSFERÊNCIAS E CONVÊNIOS ESTADUAIS-VINCULADOS;TRANSFERÊNCIA ESTADUAL CONVÊNIOS;ENSINO FUNDAMENTAL;ATA-Auxilio Transporte Alunos;FISCAL;;;1.571;Transferências do Estado referentes a Convênios e Instrumentos Congêneres vinculados à Educação (Exerc.Corrente);0;Rec Rem Auxilio Transporte de Alunos (ATA ESTADUAL;V;Junto com a Ocorrência da Arrecadação (Automática);;;0000-Não se Aplica;Recursos nao Destinados a Contrapartida;1;
Rec Rem Vinc Ensino 25%;38;1321.01.0.1.20.20;Rec Rem Vinc Ensino 25%;5500;9;;;221;000;                                                                                                                                                                                                                                                          ;0;01;00;0.01.00.1.500.0-221 000;1;10;PREFEITURA MUNICIPAL DE ARAMINA;TESOURO;Recursos Ordinarios;REMUNERAÇÃO DE APLICAÇÕES FINANCEIRAS;REMUNERAÇÃO DE APLICAÇÕES FINANCEIRAS;FISCAL;;;1.500;Recursos não Vinculados de Impostos (Exerc.Corrente);0;Rec Rem Vinc Ensino 25%;V;Junto com a Ocorrência da Arrecadação (Automática);;;0000-Não se Aplica;Recursos nao Destinados a Contrapartida;1;
Rem.Dep.B. - SP-Conv. Merenda Estadual - DSE;39;1321.01.0.1.20.22;Rem.Dep.B. - SP-Conv. Merenda Estadual - DSE;1000;9;;;100;018;SP-Conv. Merenda Estadual - DSE                                                                                                                                                                                                                           ;0;02;19;0.02.19.1.701.0-100 018;1;10;PREFEITURA MUNICIPAL DE ARAMINA;TRANSFERÊNCIAS E CONVÊNIOS ESTADUAIS-VINCULADOS;TRANSFERÊNCIA ESTADUAL CONVÊNIOS;GERAL TOTAL;Auxilio Merenda Escolar;FISCAL;;;1.701;Outras Transferências de Convênios ou Instrumentos Congêneres dos Estados (Exerc.Corrente);0;Rec Rem Auxilio Merenda Estadual (20251-7) - Rem.Dep.B. - SP-Conv. Merenda Estadual - DSE   ;V;Junto com a Ocorrência da Arrecadação (Automática);;;0000-Não se Aplica;Recursos nao Destinados a Contrapartida;1;
Rec Rem Gestao Plena (32703-4);40;1321.01.0.1.20.40;Rec Rem Gestao Plena (32703-4);3000;9;;;307;010;                                                                                                                                                                                                                                                          ;0;02;19;0.02.19.1.621.0-307 010;1;20;PREFEITURA MUNICIPAL DE ARAMINA;TRANSFERÊNCIAS E CONVÊNIOS ESTADUAIS-VINCULADOS;TRANSFERÊNCIA ESTADUAL CONVÊNIOS;OUTROS PROGR.FINANC.POR TRANSF.FUNDO A F;SUS-Est. Fundo a Fundo - Atenção Básica;SEGURIDADE SOCIAL;;;1.621;Transferências Fundo a Fundo de Recursos do SUS provenientes do Governo Estadual (Exerc.Corrente);0;Rec Rem Gestao Plena (32703-4);V;Junto com a Ocorrência da Arrecadação (Automática);;;0000-Não se Aplica;Recursos nao Destinados a Contrapartida;1;
Rem.Dep.B. - FNDE - QSE- Salario  Educação;41;1321.01.0.1.20.80;Rem.Dep.B. - FNDE - QSE- Salario  Educação;30000;9;;;282;002;                                                                                                                                                                                                                                                          ;0;05;13;0.05.13.1.550.-282 002;1;10;PREFEITURA MUNICIPAL DE ARAMINA;TRANSFERÊNCIAS E CONVÊNIOS FEDERAIS-VINCULADOS;Contribuicao do Salario-Educacao;RECURSOS SALÁRIO EDUCAÇÃO-ENSINO FUNDAME;FNDE-QSE - Ensino Fundamental;FISCAL;;;1.550;Transferência do Salário-Educação (Exerc.Corrente);;Rem.Dep.B. - FNDE - QSE- Salario  Educação ;V;Junto com a Ocorrência da Arrecadação (Automática);;;0000-Não se Aplica;Recursos nao Destinados a Contrapartida;1;
Rem.Dep.B. - FNDE - PNATE - Transp. Escolar;42;1321.01.0.1.20.85;Rem.Dep.B. - FNDE - PNATE - Transp. Escolar;1000;9;;;288;002;                                                                                                                                                                                                                                                          ;0;05;14  ;0.05.14  .1.553.-288 002;1;10;PREFEITURA MUNICIPAL DE ARAMINA;TRANSFERÊNCIAS E CONVÊNIOS FEDERAIS-VINCULADOS;TRANSFERÊNCIAS FEDERAL FNDE;RECURSOS DO PNATE - ENSINO FUNDAMENTAL;FNDE-PNATE Ensino Fundamental;FISCAL;;;1.553;Transferências de Recursos do FNDE Referentes ao Programa Nacional de Apoio ao Transporte Escolar (PNATE) (Exerc.Corrente);;Rem.Dep.B. - FNDE - PNATE - Transp. Escolar ;V;Junto com a Ocorrência da Arrecadação (Automática);;;0000-Não se Aplica;Recursos nao Destinados a Contrapartida;1;
Rem.Dep.B. - FNDE - ETI - Escola Tempo Integral;43;1321.01.0.1.20.90;Rem.Dep.B. - FNDE - ETI - Escola Tempo Integral;500;9;;;296;023;;0;05;14;0.05.14.1.569.0-296 023;1;10;PREFEITURA MUNICIPAL DE ARAMINA;TRANSFERÊNCIAS E CONVÊNIOS FEDERAIS-VINCULADOS;TRANSFERÊNCIAS FEDERAL FNDE;OUTRAS TRANSF.RECURSOS FNDE-ENSINO FUNDA;FNDE-ESCOLA TEMPO INTEGRAL;FISCAL;;;1.569;Outras Transferências de Recursos do FNDE (Exerc.Corrente);0;REMUNERAÇÃO DE DEPÓSITOS BANCÁRIOS – PRINCIPAL - Rem.Dep.B. - FNDE - ETI - Escola Tempo Integral ;V;Junto com a Ocorrência da Arrecadação (Automática);;;0000-Não se Aplica;Recursos nao Destinados a Contrapartida;1;
Rec Rem PAB (32005-6);44;1321.01.0.1.50.02;Rec Rem PAB (32005-6);30000;9;;;351;000;                                                                                                                                                                                                                                                          ;0;05;16;0.05.16.1.600.0-351 000;1;20;PREFEITURA MUNICIPAL DE ARAMINA;TRANSFERÊNCIAS E CONVÊNIOS FEDERAIS-VINCULADOS;TRANSFERÊNCIA FEDERAL SISTEMA ÚNICO DE SAÚDE;BLOCO CUSTEIO AÇÕES/SERV.PÚBL.SAÚDE-Remu;BLOCO CUSTEIO AÇÕES/SERV.PÚBL.SAÚDE-Remu;SEGURIDADE SOCIAL;;;1.600;Transf.Fundo a Fundo de Recursos do SUS provenientes do Governo Federal - Bloco de Manutenção das Ações e Serviços Públicos de Saúde (Exerc.Corrente);0;Rec Rem PAB (32005-6);V;Junto com a Ocorrência da Arrecadação (Automática);;;0000-Não se Aplica;Recursos nao Destinados a Contrapartida;1;
Rec Rem Vinc FNAS SEADS (27584-0) Antiga  Ficha 52;45;1321.01.0.1.50.52;Rec Rem Vinc FNAS SEADS (27584-0) Antiga  Ficha 52;1000;9;;;500;012;;0;02;19;0.02.19.1.661.0-500 012;1;20;PREFEITURA MUNICIPAL DE ARAMINA;TRANSFERÊNCIAS E CONVÊNIOS ESTADUAIS-VINCULADOS;TRANSFERÊNCIA ESTADUAL CONVÊNIOS;ASSISTÊNCIA SOCIAL;SEADS - Proteção Social Basica;SEGURIDADE SOCIAL;;;1.661;Transferência de Recursos dos Fundos Estaduais de Assistência Social (Exerc.Corrente);0;REMUNERAÇÃO DE DEPÓSITOS BANCÁRIOS – PRINCIPAL - Rec Rem Vinc FNAS SEADS (27584-0) Antiga  Ficha 52;V;Junto com a Ocorrência da Arrecadação (Automática);;;0000-Não se Aplica;Recursos nao Destinados a Contrapartida;1;
Rem.Dep.B. - FNDE - PNAE - Alimentação Escolar;46;1321.01.0.1.60.55;Rem.Dep.B. - FNDE - PNAE - Alimentação Escolar;1000;9;;;285;002;                                                                                                                                                                                                                                                          ;0;05;14  ;0.05.14  .1.552.0-285 002;1;10;PREFEITURA MUNICIPAL DE ARAMINA;TRANSFERÊNCIAS E CONVÊNIOS FEDERAIS-VINCULADOS;TRANSFERÊNCIAS FEDERAL FNDE;RECURSOS DO PNAE-ENSINO FUNDAMENTAL;PNAE - Fundamental;FISCAL;;;1.552;Transferências de Recursos do FNDE referentes ao Programa Nacional de Alimentação Escolar (PNAE) (Exerc.Corrente);0;Rec Rem Vinc PNAE Fundamental 9 antiga 55)    Rem.Dep.B. - FNDE - PNAE - Alimentação Escolar ;V;Junto com a Ocorrência da Arrecadação (Automática);;;0000-Não se Aplica;Recursos nao Destinados a Contrapartida;1;
Agua - Serv. de Captação, Tratamento, Reserva e Distribição;47;1611.01.0.1.41.01;Agua - Serv. de Captação, Tratamento, Reserva e Distribição;350000;9;;;110;000;                                                                                                                                                                                                                                                          ;0;01;00;0.01.00.1.500.0-110 000;1;10;PREFEITURA MUNICIPAL DE ARAMINA;TESOURO;Recursos Ordinarios;GERAL;GERAL;FISCAL;;;1.500;Recursos não Vinculados de Impostos (Exerc.Corrente);0;Agua - Serv. de Captação, Tratamento, Reserva e Distribição;V;Junto com a Ocorrência da Arrecadação (Automática);;;0000-Não se Aplica;Recursos nao Destinados a Contrapartida;1;
Serv de Coleta , Transp, Tratamento e Destino Fina;48;1611.01.0.1.42.01;Serv de Coleta , Transp, Tratamento e Destino Fina;290000;9;;;110;000;                                                                                                                                                                                                                                                          ;0;01;00;0.01.00.1.500.0-110 000;1;10;PREFEITURA MUNICIPAL DE ARAMINA;TESOURO;Recursos Ordinarios;GERAL;GERAL;FISCAL;;;1.500;Recursos não Vinculados de Impostos (Exerc.Corrente);0;Serv de Coleta , Transp, Tratamento e Destino Fina;V;Junto com a Ocorrência da Arrecadação (Automática);;;0000-Não se Aplica;Recursos nao Destinados a Contrapartida;1;
Serviços de Ligação de Agua;49;1611.01.0.1.48.02;Serviços de Ligação de Agua;10000;9;;;110;000;                                                                                                                                                                                                                                                          ;0;01;00;0.01.00.1.500.0-110 000;1;10;PREFEITURA MUNICIPAL DE ARAMINA;TESOURO;Recursos Ordinarios;GERAL;GERAL;FISCAL;;;1.500;Recursos não Vinculados de Impostos (Exerc.Corrente);0;Serviços de Ligação de Agua;V;Junto com a Ocorrência da Arrecadação (Automática);;;0000-Não se Aplica;Recursos nao Destinados a Contrapartida;1;
Serviços Adim. e Comerc. - MULTAS E JUROS;50;1611.01.0.2.01.00;Serviços Adim. e Comerc. - MULTAS E JUROS;15000;8;;;110;000;                                                                                                                                                                                                                                                          ;0;01;00;0.01.00.1.500.0-110 000;1;10;PREFEITURA MUNICIPAL DE ARAMINA;TESOURO;Recursos Ordinarios;GERAL;GERAL;FISCAL;;;1.500;Recursos não Vinculados de Impostos (Exerc.Corrente);0;Serviços Adim. e Comerc. - MULTAS E JUROS;V;Junto com a Ocorrência da Arrecadação (Automática);;;0000-Não se Aplica;Recursos nao Destinados a Contrapartida;1;
Serviços Adim. e Comerc.  - DÍVIDA ATIVA - MULTAS;51;1611.01.0.4.01.00;Serviços Adim. e Comerc.  - DÍVIDA ATIVA - MULTAS;80000;8;;;110;000;                                                                                                                                                                                                                                                          ;0;01;00;0.01.00.1.500.0-110 000;1;10;PREFEITURA MUNICIPAL DE ARAMINA;TESOURO;Recursos Ordinarios;GERAL;GERAL;FISCAL;;;1.500;Recursos não Vinculados de Impostos (Exerc.Corrente);0;Serviços Adim. e Comerc.  - DÍVIDA ATIVA - MULTAS;V;Junto com a Ocorrência da Arrecadação (Automática);;;0000-Não se Aplica;Recursos nao Destinados a Contrapartida;1;
Multa e Juros do Exercicio por atraso (Agua Esgoto;52;1611.01.0.4.04.00;Multa e Juros do Exercicio por atraso (Agua Esgoto;5000;8;;;110;000;                                                                                                                                                                                                                                                          ;0;01;00;0.01.00.1.500.0-110 000;1;10;PREFEITURA MUNICIPAL DE ARAMINA;TESOURO;Recursos Ordinarios;GERAL;GERAL;FISCAL;;;1.500;Recursos não Vinculados de Impostos (Exerc.Corrente);0;Multa e Juros do Exercicio por atraso (Agua Esgoto;V;Junto com a Ocorrência da Arrecadação (Automática);;;0000-Não se Aplica;Recursos nao Destinados a Contrapartida;1;
Serviços de Cemiterio;53;1699.99.0.1.01.00;Serviços de Cemiterio;10000;8;;;110;000;                                                                                                                                                                                                                                                          ;0;01;00;0.01.00.1.500.0-110 000;1;10;PREFEITURA MUNICIPAL DE ARAMINA;TESOURO;Recursos Ordinarios;GERAL;GERAL;FISCAL;;;1.500;Recursos não Vinculados de Impostos (Exerc.Corrente);0;Serviços de Cemiterio;V;Junto com a Ocorrência da Arrecadação (Automática);;;0000-Não se Aplica;Recursos nao Destinados a Contrapartida;1;
Outras Receitas de Serviços;54;1699.99.0.1.09.00;Outras Receitas de Serviços;10000;8;;;110;000;                                                                                                                                                                                                                                                          ;0;01;00;0.01.00.1.500.0-110 000;1;10;PREFEITURA MUNICIPAL DE ARAMINA;TESOURO;Recursos Ordinarios;GERAL;GERAL;FISCAL;;;1.500;Recursos não Vinculados de Impostos (Exerc.Corrente);0;Outras Receitas de Serviços;V;Junto com a Ocorrência da Arrecadação (Automática);;;0000-Não se Aplica;Recursos nao Destinados a Contrapartida;1;
COTA-PARTE - FPM - Mensal;55;1711.51.1.1.01.00;COTA-PARTE - FPM - Mensal;17500000;8;;;110;000;                                                                                                                                                                                                                                                          ;0;01;00;0.01.00.1.500.0-110 000;1;10;PREFEITURA MUNICIPAL DE ARAMINA;TESOURO;Recursos Ordinarios;GERAL;GERAL;FISCAL;;;1.500;Recursos não Vinculados de Impostos (Exerc.Corrente);0;COTA-PARTE - FPM - Mensal;V;Junto com a Ocorrência da Arrecadação (Automática);;;0000-Não se Aplica;Recursos nao Destinados a Contrapartida;1;
COTA-PARTE DO FPM- COTAS EXTRAORDINARIAS - PRINCIPAL;56;1711.51.2.1.00.00;COTA-PARTE DO FPM- COTAS EXTRAORDINARIAS - PRINCIPAL;1950000;7;;;110;000;                                                                                                                                                                                                                                                          ;0;01;00;0.01.00.1.500.0-110 000;1;10;PREFEITURA MUNICIPAL DE ARAMINA;TESOURO;Recursos Ordinarios;GERAL;GERAL;FISCAL;;;1.500;Recursos não Vinculados de Impostos (Exerc.Corrente);0;COTA-PARTE DO FUNDO DE PARTICIPAÇÃO DO MUNICÍPIOS – COTAS EXTRAORDINÁRIAS – PRINCIPAL;V;Junto com a Ocorrência da Arrecadação (Automática);;;0000-Não se Aplica;Recursos nao Destinados a Contrapartida;1;
COTA-PARTE DO IMPOSTO SOBRE A PROPRIEDADE TERRITOR;57;1711.52.0.1.01.00;COTA-PARTE DO IMPOSTO SOBRE A PROPRIEDADE TERRITOR;350000;8;;;110;000;                                                                                                                                                                                                                                                          ;0;01;00;0.01.00.1.500.0-110 000;1;10;PREFEITURA MUNICIPAL DE ARAMINA;TESOURO;Recursos Ordinarios;GERAL;GERAL;FISCAL;;;1.500;Recursos não Vinculados de Impostos (Exerc.Corrente);0;COTA-PARTE DO IMPOSTO SOBRE A PROPRIEDADE TERRITOR;V;Junto com a Ocorrência da Arrecadação (Automática);;;0000-Não se Aplica;Recursos nao Destinados a Contrapartida;1;
COTA-PARTE DA COMPENSAÇÃO FINANCEIRA DE RECURSOS H;58;1712.50.0.1.01.00;COTA-PARTE DA COMPENSAÇÃO FINANCEIRA DE RECURSOS H;110000;8;;;110;000;                                                                                                                                                                                                                                                          ;0;01;00;0.01.00.1.709.0-110 000;1;10;PREFEITURA MUNICIPAL DE ARAMINA;TESOURO;Recursos Ordinarios;GERAL;GERAL;FISCAL;;;1.709;Transferência da União referente à Compensação Financeira de Recursos Hídricos (Exerc.Corrente);0;COTA-PARTE DA COMPENSAÇÃO FINANCEIRA DE RECURSOS H;V;Junto com a Ocorrência da Arrecadação (Automática);;;0000-Não se Aplica;Recursos nao Destinados a Contrapartida;1;
ITA ROYALTIES DE ITAIPU;59;1712.50.0.1.02.00;ITA ROYALTIES DE ITAIPU;10000;8;;;110;000;                                                                                                                                                                                                                                                          ;0;01;00;0.01.00.1.709.0-110 000;1;10;PREFEITURA MUNICIPAL DE ARAMINA;TESOURO;Recursos Ordinarios;GERAL;GERAL;FISCAL;;;1.709;Transferência da União referente à Compensação Financeira de Recursos Hídricos (Exerc.Corrente);0;ITA ROYALTIES DE ITAIPU;V;Junto com a Ocorrência da Arrecadação (Automática);;;0000-Não se Aplica;Recursos nao Destinados a Contrapartida;1;
COTA-PARTE DO FUNDO ESPECIAL DO PETRÓLEO - FEP;60;1712.52.4.1.01.00;COTA-PARTE DO FUNDO ESPECIAL DO PETRÓLEO - FEP;350000;8;;;110;000;                                                                                                                                                                                                                                                          ;0;01;00;0.01.00.1.500.0-110 000;1;10;PREFEITURA MUNICIPAL DE ARAMINA;TESOURO;Recursos Ordinarios;GERAL;GERAL;FISCAL;;;1.500;Recursos não Vinculados de Impostos (Exerc.Corrente);0;COTA-PARTE DO FUNDO ESPECIAL DO PETRÓLEO - FEP;V;Junto com a Ocorrência da Arrecadação (Automática);;;0000-Não se Aplica;Recursos nao Destinados a Contrapartida;1;
FNS - At. Basica - ACS- Agente Comunit.da Saúde;61;1713.50.1.1.02.12;FNS - At. Basica - ACS- Agente Comunit.da Saúde;500000;9;;;313;000;                                                                                                                                                                                                                                                          ;0;05;16;0.05.16.1.600.0-313 000;1;20;PREFEITURA MUNICIPAL DE ARAMINA;TRANSFERÊNCIAS E CONVÊNIOS FEDERAIS-VINCULADOS;TRANSFERÊNCIA FEDERAL SISTEMA ÚNICO DE SAÚDE;TRANSF.GOV.FEDERAL DEST.VENC.ACS E ACE;TRANSF.GOV.FEDERAL DEST.VENC.ACS E ACE;SEGURIDADE SOCIAL;;;1.600;Transf.Fundo a Fundo de Recursos do SUS provenientes do Governo Federal - Bloco de Manutenção das Ações e Serviços Públicos de Saúde (Exerc.Corrente);0;FNS - At. Primária- ACS- Agente Comunit. de Saúde ;V;Junto com a Ocorrência da Arrecadação (Automática);;;0000-Não se Aplica;Recursos nao Destinados a Contrapartida;1;
FNS - At. Basica - Incentivo Financ Saude Bucal;62;1713.50.1.1.02.13;FNS - At. Basica - Incentivo Financ Saude Bucal;215000;9;;;301;028;                                                                                                                                                                                                                                                          ;0;05;16;0.05.16.1.600.0-301 028;1;20;PREFEITURA MUNICIPAL DE ARAMINA;TRANSFERÊNCIAS E CONVÊNIOS FEDERAIS-VINCULADOS;TRANSFERÊNCIA FEDERAL SISTEMA ÚNICO DE SAÚDE;ATENÇÃO BÁSICA;FNS - At. Primária - SB- Saude Bucal;SEGURIDADE SOCIAL;;;1.600;Transf.Fundo a Fundo de Recursos do SUS provenientes do Governo Federal - Bloco de Manutenção das Ações e Serviços Públicos de Saúde (Exerc.Corrente);0;FNS - At. Primária - SB- Incentivo Financ. Saude Bucal ;V;Junto com a Ocorrência da Arrecadação (Automática);;;0000-Não se Aplica;Recursos nao Destinados a Contrapartida;1;
FNS - At. Basica - EMULTI - Equipes Multriprofissionais;63;1713.50.1.1.02.16;FNS - At. Basica - EMULTI - Equipes Multriprofissionais;170000;9;;;301;060;;0;05;16;0.05.16.1.600.0-301 060;1;20;PREFEITURA MUNICIPAL DE ARAMINA;TRANSFERÊNCIAS E CONVÊNIOS FEDERAIS-VINCULADOS;TRANSFERÊNCIA FEDERAL SISTEMA ÚNICO DE SAÚDE;ATENÇÃO BÁSICA;EQUIPES MULTIPROFISSIONAIS - EMULTI;SEGURIDADE SOCIAL;;;1.600;Transf.Fundo a Fundo de Recursos do SUS provenientes do Governo Federal - Bloco de Manutenção das Ações e Serviços Públicos de Saúde (Exerc.Corrente);0;FNS - At. Basica - EMULTI - Equipes Multriprofissionais INCENTIVO FINANCEIRO DA APS - EQUIPES MULTIPROFISSIONAIS - EMULT ;V;Junto com a Ocorrência da Arrecadação (Automática);;;0000-Não se Aplica;Recursos nao Destinados a Contrapartida;1;
FNS - At. Primária - Equipe ESF e EAP (PAB/NASF/ESF);64;1713.50.1.1.22.24;FNS - At. Primária - Equipe ESF e EAP (PAB/NASF/ESF);770000;9;;;301;022;                                                                                                                                                                                                                                                          ;0;05;16;0.05.16.1.600.0-301 022;1;20;PREFEITURA MUNICIPAL DE ARAMINA;TRANSFERÊNCIAS E CONVÊNIOS FEDERAIS-VINCULADOS;TRANSFERÊNCIA FEDERAL SISTEMA ÚNICO DE SAÚDE;ATENÇÃO BÁSICA;FNS - At. Primária - Equipes ESF e EAP;SEGURIDADE SOCIAL;;;1.600;Transf.Fundo a Fundo de Recursos do SUS provenientes do Governo Federal - Bloco de Manutenção das Ações e Serviços Públicos de Saúde (Exerc.Corrente);0;FNS - At. Primária - Equipe ESF e EAP (PAB/NASF/ESF) ;V;Junto com a Ocorrência da Arrecadação (Automática);;;0000-Não se Aplica;Recursos nao Destinados a Contrapartida;1;
FNS - At. Basica - Inc. Financ. APS - Desempenho (;65;1713.50.1.1.44.00;FNS - At. Basica - Inc. Financ. APS - Desempenho (;98000;8;;;301;023;                                                                                                                                                                                                                                                          ;0;05;16;0.05.16.1.600.0-301 023;1;10;PREFEITURA MUNICIPAL DE ARAMINA;TRANSFERÊNCIAS E CONVÊNIOS FEDERAIS-VINCULADOS;TRANSFERÊNCIA FEDERAL SISTEMA ÚNICO DE SAÚDE;ATENÇÃO BÁSICA;FNS- At. Basica - Inc. Fin. Desempenho;FISCAL;;;1.600;Transf.Fundo a Fundo de Recursos do SUS provenientes do Governo Federal - Bloco de Manutenção das Ações e Serviços Públicos de Saúde (Exerc.Corrente);0;FNS - At. Basica - Inc. Financ. APS - Desempenho (;V;Junto com a Ocorrência da Arrecadação (Automática);;;0000-Não se Aplica;Recursos nao Destinados a Contrapartida;1;
FNS- Teto MAC - Media e Alta complex.;66;1713.50.2.1.10.00;FNS- Teto MAC - Media e Alta complex.;100000;8;;;302;031;                                                                                                                                                                                                                                                          ;0;05;16;0.05.16.1.600.0-302 031;1;10;PREFEITURA MUNICIPAL DE ARAMINA;TRANSFERÊNCIAS E CONVÊNIOS FEDERAIS-VINCULADOS;TRANSFERÊNCIA FEDERAL SISTEMA ÚNICO DE SAÚDE;ATENÇÃO DE MÉDIA/ALTA COMPLEX.AMBUL/HOSP;FNS- Teto MAC- Media e Alta Complexidade;FISCAL;;;1.600;Transf.Fundo a Fundo de Recursos do SUS provenientes do Governo Federal - Bloco de Manutenção das Ações e Serviços Públicos de Saúde (Exerc.Corrente);0;FNS- Teto MAC - Media e Alta complex.;V;Junto com a Ocorrência da Arrecadação (Automática);;;0000-Não se Aplica;Recursos nao Destinados a Contrapartida;1;
FNS - Vigilancia Em Saude - Vig. Epidemiológica;67;1713.50.3.1.05.00;FNS - Vigilancia Em Saude - Vig. Epidemiológica;15000;8;;;303;005;                                                                                                                                                                                                                                                          ;0;05;16;0.05.16.1.600.0-303 005;1;20;PREFEITURA MUNICIPAL DE ARAMINA;TRANSFERÊNCIAS E CONVÊNIOS FEDERAIS-VINCULADOS;TRANSFERÊNCIA FEDERAL SISTEMA ÚNICO DE SAÚDE;VIGILÂNCIA EM SAÚDE;FNS- Vigilancia Epidemiologica;SEGURIDADE SOCIAL;;;1.600;Transf.Fundo a Fundo de Recursos do SUS provenientes do Governo Federal - Bloco de Manutenção das Ações e Serviços Públicos de Saúde (Exerc.Corrente);0;FNS - Vigilancia Em Saude - Vig. Epidemiológica ;V;Junto com a Ocorrência da Arrecadação (Automática);;;0000-Não se Aplica;Recursos nao Destinados a Contrapartida;1;
FNS - Vigilancia Em Saude - Vig. Sanitaria;68;1713.50.3.1.07.00;FNS - Vigilancia Em Saude - Vig. Sanitaria;12000;8;;;303;009;                                                                                                                                                                                                                                                          ;0;05;16;0.05.16.1.600.0-303 009;1;20;PREFEITURA MUNICIPAL DE ARAMINA;TRANSFERÊNCIAS E CONVÊNIOS FEDERAIS-VINCULADOS;TRANSFERÊNCIA FEDERAL SISTEMA ÚNICO DE SAÚDE;VIGILÂNCIA EM SAÚDE;FNS- Vigilancia Sanitária;SEGURIDADE SOCIAL;;;1.600;Transf.Fundo a Fundo de Recursos do SUS provenientes do Governo Federal - Bloco de Manutenção das Ações e Serviços Públicos de Saúde (Exerc.Corrente);0;FNS - Vigilancia Em Saude - Vig. Sanitaria;V;Junto com a Ocorrência da Arrecadação (Automática);;;0000-Não se Aplica;Recursos nao Destinados a Contrapartida;1;
FNS - Vigilancia Em Saude - ACE Ag. Comtate Endemi;69;1713.50.3.1.09.00;FNS - Vigilancia Em Saude - ACE Ag. Comtate Endemi;56000;8;;;313;000;                                                                                                                                                                                                                                                          ;0;05;16;0.05.16.1.604.0-313 000;1;10;PREFEITURA MUNICIPAL DE ARAMINA;TRANSFERÊNCIAS E CONVÊNIOS FEDERAIS-VINCULADOS;TRANSFERÊNCIA FEDERAL SISTEMA ÚNICO DE SAÚDE;TRANSF.GOV.FEDERAL DEST.VENC.ACS E ACE;TRANSF.GOV.FEDERAL DEST.VENC.ACS E ACE;FISCAL;;;1.604;Transferências provenientes do Governo Federal destinadas ao vencimento dos agentes comunitários de saúde e dos agentes de combate às endemias (Exerc.Corrente);0;FNS - Vigilancia Em Saude - ACE Ag. Comtate Endemi;V;Junto com a Ocorrência da Arrecadação (Automática);;;0000-Não se Aplica;Recursos nao Destinados a Contrapartida;1;
FNS - Assistência Farmaceutica;70;1713.50.4.1.08.00;FNS - Assistência Farmaceutica;23000;8;;;304;007;                                                                                                                                                                                                                                                          ;0;05;16;0.05.16.1.600.0-304 007;1;20;PREFEITURA MUNICIPAL DE ARAMINA;TRANSFERÊNCIAS E CONVÊNIOS FEDERAIS-VINCULADOS;TRANSFERÊNCIA FEDERAL SISTEMA ÚNICO DE SAÚDE;ASSISTÊNCIA FARMACÊUTICA;FNS-  Assistencia Farmaceutica;SEGURIDADE SOCIAL;;;1.600;Transf.Fundo a Fundo de Recursos do SUS provenientes do Governo Federal - Bloco de Manutenção das Ações e Serviços Públicos de Saúde (Exerc.Corrente);0;FNS - Assistência Farmaceutica ;V;Junto com a Ocorrência da Arrecadação (Automática);;;0000-Não se Aplica;Recursos nao Destinados a Contrapartida;1;
FNS- Transformação Digital no S.U.S.;71;1713.50.5.1.01.00;FNS- Transformação Digital no S.U.S.;45000;8;;;305;025;                                                                                                                                                                                                                                                          ;0;05;16;0.05.16.1.600.0-305 025;1;20;PREFEITURA MUNICIPAL DE ARAMINA;TRANSFERÊNCIAS E CONVÊNIOS FEDERAIS-VINCULADOS;TRANSFERÊNCIA FEDERAL SISTEMA ÚNICO DE SAÚDE;GESTÃO DO SUS;FNS- Gestão SUS - Transform. Digital SUS;SEGURIDADE SOCIAL;;;1.600;Transf.Fundo a Fundo de Recursos do SUS provenientes do Governo Federal - Bloco de Manutenção das Ações e Serviços Públicos de Saúde (Exerc.Corrente);0;FNS- Transformação Digital no S.U.S. ;V;Junto com a Ocorrência da Arrecadação (Automática);;;0000-Não se Aplica;Recursos nao Destinados a Contrapartida;1;
FNS- Gestão SUS - Piso Salarial da Enfermagem;72;1713.50.5.1.25.25;FNS- Gestão SUS - Piso Salarial da Enfermagem;95000;9;;;370;000;                                                                                                                                                                                                                                                          ;0;05;16;0.05.16.1.605.0-370 000;1;20;PREFEITURA MUNICIPAL DE ARAMINA;TRANSFERÊNCIAS E CONVÊNIOS FEDERAIS-VINCULADOS;TRANSFERÊNCIA FEDERAL SISTEMA ÚNICO DE SAÚDE;GRUPO DA ASSISTÊNCIA FINANCEIRA COMPLEME;GRUPO DA ASSISTÊNCIA FINANCEIRA COMPLEME;SEGURIDADE SOCIAL;;;1.605;Assistência financeira da União destinada à complementação ao pagamento dos pisos salariais para profissionais daenfermagem (Exerc.Corrente);0;TRANSFERÊNCIAS DE RECURSOS DO BLOCO DE MANUTENÇÃO DAS AÇÕES E SERVIÇOS PÚBLICOS DE SAÚDE – GESTÃO DO SUS – PRINCIPAL FNS- Gestão SUS - Piso Salarial da Enfermagem ;V;Junto com a Ocorrência da Arrecadação (Automática);;;0000-Não se Aplica;Recursos nao Destinados a Contrapartida;1;
FNDE- Salário Educ.- (QESE) Ens. Fundamental;73;1714.50.0.1.01.00;FNDE- Salário Educ.- (QESE) Ens. Fundamental;350000;8;;;282;002;                                                                                                                                                                                                                                                          ;0;05;13;0.05.13.1.550.-282 002;1;10;PREFEITURA MUNICIPAL DE ARAMINA;TRANSFERÊNCIAS E CONVÊNIOS FEDERAIS-VINCULADOS;Contribuicao do Salario-Educacao;RECURSOS SALÁRIO EDUCAÇÃO-ENSINO FUNDAME;FNDE-QSE - Ensino Fundamental;FISCAL;;;1.550;Transferência do Salário-Educação (Exerc.Corrente);;FNDE- Salário Educ.- (QESE) Ens. Fundamental;V;Junto com a Ocorrência da Arrecadação (Automática);;;0000-Não se Aplica;Recursos nao Destinados a Contrapartida;1;
FNDE Programa Dinheiro Direito na Escola-PDDE;74;1714.51.0.1.01.00;FNDE Programa Dinheiro Direito na Escola-PDDE;3000;8;;;292;002;                                                                                                                                                                                                                                                          ;0;05;14;0.05.14.1.551.0-292 002;1;10;PREFEITURA MUNICIPAL DE ARAMINA;TRANSFERÊNCIAS E CONVÊNIOS FEDERAIS-VINCULADOS;TRANSFERÊNCIAS FEDERAL FNDE;RECURSOS DO PDDE - PRÉ-ESCOLA;PDDE-Programa Dinheiro Direto escola;FISCAL;;;1.551;Transferências de Recursos do FNDE referentes ao Programa Dinheiro Direto na Escola (PDDE) (Exerc.Corrente);0;FNDE Programa Dinheiro Direito na Escola-PDDE;V;Junto com a Ocorrência da Arrecadação (Automática);;;0000-Não se Aplica;Recursos nao Destinados a Contrapartida;1;
PNAE-Programa Nacional de Alimentação Escolar-Fund;75;1714.52.0.1.01.00;PNAE-Programa Nacional de Alimentação Escolar-Fund;75000;8;;;285;002;                                                                                                                                                                                                                                                          ;0;05;14;0.05.14.1.552.0-285 002;1;10;PREFEITURA MUNICIPAL DE ARAMINA;TRANSFERÊNCIAS E CONVÊNIOS FEDERAIS-VINCULADOS;TRANSFERÊNCIAS FEDERAL FNDE;RECURSOS DO PNAE-ENSINO FUNDAMENTAL;PNAE - Fundamental;FISCAL;;;1.552;Transferências de Recursos do FNDE referentes ao Programa Nacional de Alimentação Escolar (PNAE) (Exerc.Corrente);0;PNAE-Programa Nacional de Alimentação Escolar-Fund;V;Junto com a Ocorrência da Arrecadação (Automática);;;0000-Não se Aplica;Recursos nao Destinados a Contrapartida;1;
PNAE-Programa Nacional de Alimentação Escolar-Infa;76;1714.52.0.1.02.00;PNAE-Programa Nacional de Alimentação Escolar-Infa;28000;8;;;284;002;                                                                                                                                                                                                                                                          ;0;05;14;0.05.14.1.552.0-284 002;1;10;PREFEITURA MUNICIPAL DE ARAMINA;TRANSFERÊNCIAS E CONVÊNIOS FEDERAIS-VINCULADOS;TRANSFERÊNCIAS FEDERAL FNDE;RECURSOS DO PNAE-PRÉ-ESCOLA;FNDE-PNAE Ensino Infantil Pre-escola;FISCAL;;;1.552;Transferências de Recursos do FNDE referentes ao Programa Nacional de Alimentação Escolar (PNAE) (Exerc.Corrente);0;PNAE-Programa Nacional de Alimentação Escolar-Infa;V;Junto com a Ocorrência da Arrecadação (Automática);;;0000-Não se Aplica;Recursos nao Destinados a Contrapartida;1;
PNAE-Programa Nacional de Alimentação Escolar-Crec;77;1714.52.0.1.03.00;PNAE-Programa Nacional de Alimentação Escolar-Crec;42000;8;;;283;002;                                                                                                                                                                                                                                                          ;0;05;14;0.05.14.1.552.0-283 002;1;10;PREFEITURA MUNICIPAL DE ARAMINA;TRANSFERÊNCIAS E CONVÊNIOS FEDERAIS-VINCULADOS;TRANSFERÊNCIAS FEDERAL FNDE;RECURSOS DO PNAE-CRECHE;FNDE-PNAE Ensino Infantil Creche;FISCAL;;;1.552;Transferências de Recursos do FNDE referentes ao Programa Nacional de Alimentação Escolar (PNAE) (Exerc.Corrente);0;PNAE-Programa Nacional de Alimentação Escolar-Crec;V;Junto com a Ocorrência da Arrecadação (Automática);;;0000-Não se Aplica;Recursos nao Destinados a Contrapartida;1;
PNAE-Programa Nacional de Alimentação Escolar-Medi;78;1714.52.0.1.05.00;PNAE-Programa Nacional de Alimentação Escolar-Medi;16000;8;;;233;002;                                                                                                                                                                                                                                                          ;0;05;14;0.05.14.1.552.0-233 002;1;10;PREFEITURA MUNICIPAL DE ARAMINA;TRANSFERÊNCIAS E CONVÊNIOS FEDERAIS-VINCULADOS;TRANSFERÊNCIAS FEDERAL FNDE;RECURSOS DO PNAE - ENSINO MÉDIO;FNDE - PNAE - Ens.Medio;FISCAL;;;1.552;Transferências de Recursos do FNDE referentes ao Programa Nacional de Alimentação Escolar (PNAE) (Exerc.Corrente);0;PNAE-Programa Nacional de Alimentação Escolar-Medi;V;Junto com a Ocorrência da Arrecadação (Automática);;;0000-Não se Aplica;Recursos nao Destinados a Contrapartida;1;
FNDE-PNATE- E. FUNDAMENTAL;79;1714.53.0.1.01.00;FNDE-PNATE- E. FUNDAMENTAL;28000;8;;;288;002;                                                                                                                                                                                                                                                          ;0;05;14;0.05.14.1.553.-288 002;1;10;PREFEITURA MUNICIPAL DE ARAMINA;TRANSFERÊNCIAS E CONVÊNIOS FEDERAIS-VINCULADOS;TRANSFERÊNCIAS FEDERAL FNDE;RECURSOS DO PNATE - ENSINO FUNDAMENTAL;FNDE-PNATE Ensino Fundamental;FISCAL;;;1.553;Transferências de Recursos do FNDE Referentes ao Programa Nacional de Apoio ao Transporte Escolar (PNATE) (Exerc.Corrente);;FNDE-PNATE- E. FUNDAMENTAL;V;Junto com a Ocorrência da Arrecadação (Automática);;;0000-Não se Aplica;Recursos nao Destinados a Contrapartida;1;
FNDE- Escola de Tempo Integral - ETI;80;1714.99.0.1.24.24;FNDE- Escola de Tempo Integral - ETI;30000;9;;;296;023;;0;05;14;0.05.14.1.569.0-296 023;1;10;PREFEITURA MUNICIPAL DE ARAMINA;TRANSFERÊNCIAS E CONVÊNIOS FEDERAIS-VINCULADOS;TRANSFERÊNCIAS FEDERAL FNDE;OUTRAS TRANSF.RECURSOS FNDE-ENSINO FUNDA;FNDE-ESCOLA TEMPO INTEGRAL;FISCAL;;;1.569;Outras Transferências de Recursos do FNDE (Exerc.Corrente);0;OUTRAS TRANSFERÊNCIAS DIRETAS DO FUNDO NACIONAL DO DESENVOLVIMENTO DA EDUCAÇÃO – FNDE – PRINCIPAL - FNDE- Escola de Tempo Integral - ETI ;V;Junto com a Ocorrência da Arrecadação (Automática);;;0000-Não se Aplica;Recursos nao Destinados a Contrapartida;1;
FNAS - PBV - SCFV;81;1716.50.0.1.01.00;FNAS - PBV - SCFV;50000;8;;;500;011;                                                                                                                                                                                                                                                          ;0;05;17;0.05.17.1.660.0-500 011;1;20;PREFEITURA MUNICIPAL DE ARAMINA;TRANSFERÊNCIAS E CONVÊNIOS FEDERAIS-VINCULADOS;TRANSFERÊNCIAS FEDERAL FNAS;ASSISTÊNCIA SOCIAL;PBV-SCFV;SEGURIDADE SOCIAL;;;1.660;Transferência de Recursos do Fundo Nacional de Assistência Social - FNAS (Exerc.Corrente);0;FNAS - PBV - SCFV;V;Junto com a Ocorrência da Arrecadação (Automática);;;0000-Não se Aplica;Recursos nao Destinados a Contrapartida;1;
FNAS - IGD-SUAS;82;1716.50.0.1.02.00;FNAS - IGD-SUAS;40000;8;;;500;013;                                                                                                                                                                                                                                                          ;0;05;17;0.05.17.1.660.0-500 013;1;20;PREFEITURA MUNICIPAL DE ARAMINA;TRANSFERÊNCIAS E CONVÊNIOS FEDERAIS-VINCULADOS;TRANSFERÊNCIAS FEDERAL FNAS;ASSISTÊNCIA SOCIAL;FNAS - IGD-SUAS;SEGURIDADE SOCIAL;;;1.660;Transferência de Recursos do Fundo Nacional de Assistência Social - FNAS (Exerc.Corrente);0;FNAS - IGD-SUAS;V;Junto com a Ocorrência da Arrecadação (Automática);;;0000-Não se Aplica;Recursos nao Destinados a Contrapartida;1;
FNAS -  PAIF;83;1716.50.0.1.03.00;FNAS -  PAIF;60000;8;;;500;022;                                                                                                                                                                                                                                                          ;0;05;17;0.05.17.1.660.0-500 022;1;20;PREFEITURA MUNICIPAL DE ARAMINA;TRANSFERÊNCIAS E CONVÊNIOS FEDERAIS-VINCULADOS;TRANSFERÊNCIAS FEDERAL FNAS;ASSISTÊNCIA SOCIAL;IGDBF/PBF/PAIF;SEGURIDADE SOCIAL;;;1.660;Transferência de Recursos do Fundo Nacional de Assistência Social - FNAS (Exerc.Corrente);0;FNAS -  PAIF;V;Junto com a Ocorrência da Arrecadação (Automática);;;0000-Não se Aplica;Recursos nao Destinados a Contrapartida;1;
TRANSF.OBRIG.LEI COMPLEM.Nº 176/2020-PRINCIPAL;84;1719.58.0.1.00.00;TRANSF.OBRIG.LEI COMPLEM.Nº 176/2020-PRINCIPAL;50000;7;;;100;009;                                                                                                                                                                                                                                                          ;0;05;00;0.05.00.1.500.0-100 009;1;10;PREFEITURA MUNICIPAL DE ARAMINA;TRANSFERÊNCIAS E CONVÊNIOS FEDERAIS-VINCULADOS;Recursos Ordinarios;GERAL TOTAL;ADO PLP 133/2020 COMPENSAÇÃO UNIÃO (LEI ;FISCAL;;;1.500;Recursos não Vinculados de Impostos (Exerc.Corrente);0;TRANSFERÊNCIA OBRIGATÓRIA DECORRENTE DA LEI COMPLEMENTAR Nº 176/2020 – PRINCIPAL;V;Junto com a Ocorrência da Arrecadação (Automática);;;0000-Não se Aplica;Recursos nao Destinados a Contrapartida;1;
TRANSF.ALDIR BLANC LEI Nº 14.399/2022-PRINCIPAL;85;1719.60.0.1.00.00;TRANSF.ALDIR BLANC LEI Nº 14.399/2022-PRINCIPAL;60000;7;;;100;024;;0;05;00;0.05.00.1.700.0-100 024;1;10;PREFEITURA MUNICIPAL DE ARAMINA;TRANSFERÊNCIAS E CONVÊNIOS FEDERAIS-VINCULADOS;Recursos Ordinarios;GERAL TOTAL;Política Nacional Aldir Blanc - PNAB;FISCAL;;;1.700;Outras Transferências de Convênios ou Instrumentos Congêneres da União (Exerc.Corrente);0;TRANSFERÊNCIAS DA POLÍTICA NACIONAL ALDIR BLANC DE FOMENTO À CULTURA - LEI Nº 14.399/2022 - PRINCIPAL;V;Junto com a Ocorrência da Arrecadação (Automática);;;0000-Não se Aplica;Recursos nao Destinados a Contrapartida;1;
COTA-PARTE DO ICMS;86;1721.50.0.1.01.00;COTA-PARTE DO ICMS;11000000;8;;;110;000;                                                                                                                                                                                                                                                          ;0;01;00;0.01.00.1.500.0-110 000;1;10;PREFEITURA MUNICIPAL DE ARAMINA;TESOURO;Recursos Ordinarios;GERAL;GERAL;FISCAL;;;1.500;Recursos não Vinculados de Impostos (Exerc.Corrente);0;COTA-PARTE DO ICMS;V;Junto com a Ocorrência da Arrecadação (Automática);;;0000-Não se Aplica;Recursos nao Destinados a Contrapartida;1;
COTA-PARTE DO IPVA;87;1721.51.0.1.01.00;COTA-PARTE DO IPVA;1700000;8;;;110;000;                                                                                                                                                                                                                                                          ;0;01;00;0.01.00.1.500.0-110 000;1;10;PREFEITURA MUNICIPAL DE ARAMINA;TESOURO;Recursos Ordinarios;GERAL;GERAL;FISCAL;;;1.500;Recursos não Vinculados de Impostos (Exerc.Corrente);0;COTA-PARTE DO IPVA;V;Junto com a Ocorrência da Arrecadação (Automática);;;0000-Não se Aplica;Recursos nao Destinados a Contrapartida;1;
COTA-PARTE DO IPI sobre Exportação;88;1721.52.0.1.01.00;COTA-PARTE DO IPI sobre Exportação;80000;8;;;110;000;                                                                                                                                                                                                                                                          ;0;01;00;0.01.00.1.500.0-110 000;1;10;PREFEITURA MUNICIPAL DE ARAMINA;TESOURO;Recursos Ordinarios;GERAL;GERAL;FISCAL;;;1.500;Recursos não Vinculados de Impostos (Exerc.Corrente);0;COTA-PARTE DO IPI sobre Exportação;V;Junto com a Ocorrência da Arrecadação (Automática);;;0000-Não se Aplica;Recursos nao Destinados a Contrapartida;1;
COTA-PARTE DA CONTRIBUIÇÃO DE INTERVENÇÃO NO DOMÍN;89;1721.53.0.1.01.00;COTA-PARTE DA CONTRIBUIÇÃO DE INTERVENÇÃO NO DOMÍN;40000;8;;;130;000;                                                                                                                                                                                                                                                          ;0;01;00;0.01.00.1.750.-130 000;1;10;PREFEITURA MUNICIPAL DE ARAMINA;TESOURO;Recursos Ordinarios;CIDE-CONTRIB.INTERV.NO DOMÍNIO ECONÔMICO;CIDE-Convênios/entidades/fundos;FISCAL;;;1.750;Recursos da Contribuição de Intervenção no Domínio Econômico - CIDE (Exerc.Corrente);;COTA-PARTE DA CONTRIBUIÇÃO DE INTERVENÇÃO NO DOMÍN;V;Junto com a Ocorrência da Arrecadação (Automática);;;0000-Não se Aplica;Recursos nao Destinados a Contrapartida;1;
COTA-PARTE COMPENS. FINANC. RECURSOS MINERAIS - CF;90;1722.51.0.1.01.00;COTA-PARTE COMPENS. FINANC. RECURSOS MINERAIS - CF;50000;8;;;110;000;                                                                                                                                                                                                                                                          ;0;01;00;0.01.00.1.708.-110 000;1;10;PREFEITURA MUNICIPAL DE ARAMINA;TESOURO;Recursos Ordinarios;GERAL;GERAL;FISCAL;;;1.708;Transferência da União Referente à Compensação Financeira de Recursos Minerais (Exerc.Corrente);;COTA-PARTE COMPENS. FINANC. RECURSOS MINERAIS - CF;V;Junto com a Ocorrência da Arrecadação (Automática);;;0000-Não se Aplica;Recursos nao Destinados a Contrapartida;1;
COTA-PARTE ROYALTIES Comp Fin Prod Petróleo Lei nº;91;1722.52.0.1.01.00;COTA-PARTE ROYALTIES Comp Fin Prod Petróleo Lei nº;35000;8;;;110;000;                                                                                                                                                                                                                                                          ;0;01;00;0.01.00.1.500.0-110 000;1;10;PREFEITURA MUNICIPAL DE ARAMINA;TESOURO;Recursos Ordinarios;GERAL;GERAL;FISCAL;;;1.500;Recursos não Vinculados de Impostos (Exerc.Corrente);0;COTA-PARTE ROYALTIES Comp Fin Prod Petróleo Lei nº;V;Junto com a Ocorrência da Arrecadação (Automática);;;0000-Não se Aplica;Recursos nao Destinados a Contrapartida;1;
Gov-SP At Bas Estad PAB QualisMais;92;1723.50.0.1.01.00;Gov-SP At Bas Estad PAB QualisMais;50000;8;;;307;010;                                                                                                                                                                                                                                                          ;0;02;19;0.02.19.1.621.0-307 010;1;10;PREFEITURA MUNICIPAL DE ARAMINA;TRANSFERÊNCIAS E CONVÊNIOS ESTADUAIS-VINCULADOS;TRANSFERÊNCIA ESTADUAL CONVÊNIOS;OUTROS PROGR.FINANC.POR TRANSF.FUNDO A F;SUS-Est. Fundo a Fundo - Atenção Básica;FISCAL;;;1.621;Transferências Fundo a Fundo de Recursos do SUS provenientes do Governo Estadual (Exerc.Corrente);0;Gov-SP At Bas Estad PAB QualisMais;V;Junto com a Ocorrência da Arrecadação (Automática);;;0000-Não se Aplica;Recursos nao Destinados a Contrapartida;1;
Gov-SP . AEDES AEGYPTI;93;1723.50.0.1.05.00;Gov-SP . AEDES AEGYPTI;1000;8;;;307;010;                                                                                                                                                                                                                                                          ;0;02;19;0.02.19.1.621.0-307 010;1;10;PREFEITURA MUNICIPAL DE ARAMINA;TRANSFERÊNCIAS E CONVÊNIOS ESTADUAIS-VINCULADOS;TRANSFERÊNCIA ESTADUAL CONVÊNIOS;OUTROS PROGR.FINANC.POR TRANSF.FUNDO A F;SUS-Est. Fundo a Fundo - Atenção Básica;FISCAL;;;1.621;Transferências Fundo a Fundo de Recursos do SUS provenientes do Governo Estadual (Exerc.Corrente);0;Gov-SP . AEDES AEGYPTI;V;Junto com a Ocorrência da Arrecadação (Automática);;;0000-Não se Aplica;Recursos nao Destinados a Contrapartida;1;
Gov-SP . Glicemia;94;1723.50.0.1.06.00;Gov-SP . Glicemia;3000;8;;;307;010;                                                                                                                                                                                                                                                          ;0;02;19;0.02.19.1.621.0-307 010;1;10;PREFEITURA MUNICIPAL DE ARAMINA;TRANSFERÊNCIAS E CONVÊNIOS ESTADUAIS-VINCULADOS;TRANSFERÊNCIA ESTADUAL CONVÊNIOS;OUTROS PROGR.FINANC.POR TRANSF.FUNDO A F;SUS-Est. Fundo a Fundo - Atenção Básica;FISCAL;;;1.621;Transferências Fundo a Fundo de Recursos do SUS provenientes do Governo Estadual (Exerc.Corrente);0;Gov-SP . Glicemia;V;Junto com a Ocorrência da Arrecadação (Automática);;;0000-Não se Aplica;Recursos nao Destinados a Contrapartida;1;
Gov-SP . SORRIA SP;95;1723.50.0.1.07.00;Gov-SP . SORRIA SP;36000;8;;;307;010;                                                                                                                                                                                                                                                          ;0;02;19;0.02.19.1.621.0-307 010;1;10;PREFEITURA MUNICIPAL DE ARAMINA;TRANSFERÊNCIAS E CONVÊNIOS ESTADUAIS-VINCULADOS;TRANSFERÊNCIA ESTADUAL CONVÊNIOS;OUTROS PROGR.FINANC.POR TRANSF.FUNDO A F;SUS-Est. Fundo a Fundo - Atenção Básica;FISCAL;;;1.621;Transferências Fundo a Fundo de Recursos do SUS provenientes do Governo Estadual (Exerc.Corrente);0;Gov-SP . SORRIA SP;V;Junto com a Ocorrência da Arrecadação (Automática);;;0000-Não se Aplica;Recursos nao Destinados a Contrapartida;1;
Gov.SP- Transporte Escolar -SEE.ATA;96;1724.51.0.1.10.00;Gov.SP- Transporte Escolar -SEE.ATA;220000;8;;;220;016;                                                                                                                                                                                                                                                          ;0;02;19;0.02.19.1.571.0-220 016;1;10;PREFEITURA MUNICIPAL DE ARAMINA;TRANSFERÊNCIAS E CONVÊNIOS ESTADUAIS-VINCULADOS;TRANSFERÊNCIA ESTADUAL CONVÊNIOS;ENSINO FUNDAMENTAL;ATA-Auxilio Transporte Alunos;FISCAL;;;1.571;Transferências do Estado referentes a Convênios e Instrumentos Congêneres vinculados à Educação (Exerc.Corrente);0;Gov.SP- Transporte Escolar -SEE.ATA;V;Junto com a Ocorrência da Arrecadação (Automática);;;0000-Não se Aplica;Recursos nao Destinados a Contrapartida;1;
Gov.SP- Alimentação Escolar - DSE;97;1724.51.0.1.33.00;Gov.SP- Alimentação Escolar - DSE;150000;8;;;100;018;                                                                                                                                                                                                                                                          ;0;02;19;0.02.19.1.701.0-100 018;1;10;PREFEITURA MUNICIPAL DE ARAMINA;TRANSFERÊNCIAS E CONVÊNIOS ESTADUAIS-VINCULADOS;TRANSFERÊNCIA ESTADUAL CONVÊNIOS;GERAL TOTAL;Auxilio Merenda Escolar;FISCAL;;;1.701;Outras Transferências de Convênios ou Instrumentos Congêneres dos Estados (Exerc.Corrente);0;Gov.SP- Alimentação Escolar - DSE;V;Junto com a Ocorrência da Arrecadação (Automática);;;0000-Não se Aplica;Recursos nao Destinados a Contrapartida;1;
SEADS-DRADS - Estado - Proteção Social Básica;98;1729.51.0.1.25.25;SEADS-DRADS - Estado - Proteção Social Básica;50000;9;;;500;012;                                                                                                                                                                                                                                                          ;0;02;19;0.02.19.1.661.0-500 012;1;20;PREFEITURA MUNICIPAL DE ARAMINA;TRANSFERÊNCIAS E CONVÊNIOS ESTADUAIS-VINCULADOS;TRANSFERÊNCIA ESTADUAL CONVÊNIOS;ASSISTÊNCIA SOCIAL;SEADS - Proteção Social Basica;SEGURIDADE SOCIAL;;;1.661;Transferência de Recursos dos Fundos Estaduais de Assistência Social (Exerc.Corrente);0;TRANSFERÊNCIAS DE ESTADOS DESTINADAS À ASSISTÊNCIA SOCIAL – PRINCIPALSEADS-DRADS - Estado - Proteção Social Básica   ;V;Junto com a Ocorrência da Arrecadação (Automática);;;0000-Não se Aplica;Recursos nao Destinados a Contrapartida;1;
Transf. Rec Fundo Manut e Desenv. Educ. - FUNDEB;99;1751.50.0.1.01.00;Transf. Rec Fundo Manut e Desenv. Educ. - FUNDEB;4400000;8;;;260;000;                                                                                                                                                                                                                                                          ;0;05;10;0.05.10.1.540.1070-260 000;1;10;PREFEITURA MUNICIPAL DE ARAMINA;TRANSFERÊNCIAS E CONVÊNIOS FEDERAIS-VINCULADOS;TRANSFERENCIA  FEDERAL DO FUNDEB;EDUCAÇÃO-FUNDEB;EDUCAÇÃO-FUNDEB-Conv/entidades/fundos;FISCAL;;;1.540;Transferências do FUNDEB - Impostos e Transferências de Impostos (Exerc.Corrente);1070;Transf. Rec Fundo Manut e Desenv. Educ. - FUNDEB;V;Junto com a Ocorrência da Arrecadação (Automática);;;1070-Identificação do percentual aplicado no pagamento da remuneração dos profissionais da educação básica em efetivo exercício;Recursos nao Destinados a Contrapartida;1;
FUNDEB - Complementação da União - VAAR;100;1751.50.0.1.02.00;FUNDEB - Complementação da União - VAAR;100000;8;;;260;070;;0;05;10;0.05.10.1.543.-260 070;1;10;PREFEITURA MUNICIPAL DE ARAMINA;TRANSFERÊNCIAS E CONVÊNIOS FEDERAIS-VINCULADOS;TRANSFERENCIA  FEDERAL DO FUNDEB;EDUCAÇÃO-FUNDEB;EDUCAÇÃO - FUNDEB - COMPLEMENTAÇÃO DA UN;FISCAL;;;1.543;Transferências do FUNDEB - Complementação da União - VAAR (Exerc.Corrente);;FUNDEB - Complementação da União - VAAR ;V;Junto com a Ocorrência da Arrecadação (Automática);;;0000-Não se Aplica;Recursos nao Destinados a Contrapartida;1;
Multas Previstas na Legislação de Transito;101;1911.01.0.2.01.00;Multas Previstas na Legislação de Transito;20000;8;;;110;000;                                                                                                                                                                                                                                                          ;0;01;00;0.01.00.1.500.0-110 000;1;10;PREFEITURA MUNICIPAL DE ARAMINA;TESOURO;Recursos Ordinarios;GERAL;GERAL;FISCAL;;;1.500;Recursos não Vinculados de Impostos (Exerc.Corrente);0;Multas Previstas na Legislação de Transito;V;Junto com a Ocorrência da Arrecadação (Automática);;;0000-Não se Aplica;Recursos nao Destinados a Contrapartida;1;
OUTRAS RESTITUIÇÕES;102;1922.99.0.1.01.00;OUTRAS RESTITUIÇÕES;20000;8;;;110;000;                                                                                                                                                                                                                                                          ;0;01;00;0.01.00.1.500.0-110 000;1;10;PREFEITURA MUNICIPAL DE ARAMINA;TESOURO;Recursos Ordinarios;GERAL;GERAL;FISCAL;;;1.500;Recursos não Vinculados de Impostos (Exerc.Corrente);0;OUTRAS RESTITUIÇÕES;V;Junto com a Ocorrência da Arrecadação (Automática);;;0000-Não se Aplica;Recursos nao Destinados a Contrapartida;1;
ÔNUS DE SUCUMBÊNCIA - Honorarios advocaticios;103;1999.12.2.1.00.25;ÔNUS DE SUCUMBÊNCIA - Honorarios advocaticios;10000;9;;;110;000;;0;01;00;0.01.00.1.500.0-110 000;1;10;PREFEITURA MUNICIPAL DE ARAMINA;TESOURO;Recursos Ordinarios;GERAL;GERAL;FISCAL;;;1.500;Recursos não Vinculados de Impostos (Exerc.Corrente);0;ÔNUS DE SUÔNUS DE SUCUMBÊNCIA - Honorarios advocaticiosCUMBÊNCIA – PRINCIPAL;V;Junto com a Ocorrência da Arrecadação (Automática);;;0000-Não se Aplica;Recursos nao Destinados a Contrapartida;1;
Multas Administrativas;104;1999.99.2.1.03.00;Multas Administrativas;10000;8;;;110;000;                                                                                                                                                                                                                                                          ;0;01;00;0.01.00.1.500.0-110 000;1;10;PREFEITURA MUNICIPAL DE ARAMINA;TESOURO;Recursos Ordinarios;GERAL;GERAL;FISCAL;;;1.500;Recursos não Vinculados de Impostos (Exerc.Corrente);0;Multas Administrativas;V;Junto com a Ocorrência da Arrecadação (Automática);;;0000-Não se Aplica;Recursos nao Destinados a Contrapartida;1;
ALIENAÇÃO DE OUTROS BENS MÓVEIS;105;2213.01.0.1.01.00;ALIENAÇÃO DE OUTROS BENS MÓVEIS;300000;8;;;120;000;                                                                                                                                                                                                                                                          ;0;01;00;0.01.00.1.755.-120 000;1;10;PREFEITURA MUNICIPAL DE ARAMINA;TESOURO;Recursos Ordinarios;ALIENAÇÃO DE BENS;ALIENAÇÃO DE BENS;FISCAL;;;1.755;Recursos de Alienação de Bens/Ativos - Administração Direta (Exerc.Corrente);;ALIENAÇÃO DE OUTROS BENS MÓVEIS;;;;;0000-Não se Aplica;Recursos nao Destinados a Contrapartida;1;
(R) DEDUÇÕES DO FUNDEB;106;9510.00.0.0.00.00;(R) DEDUÇÕES DO FUNDEB;-6126000;3;;;110;000;;1;01;00;1.01.00.1.500.0-110 000;1;10;PREFEITURA MUNICIPAL DE ARAMINA;TESOURO;Recursos Ordinarios;GERAL;GERAL;FISCAL;;;1.500;Recursos não Vinculados de Impostos (Exerc.Corrente);0;(R) DEDUÇÕES DO FUNDEB;;;;;0000-Não se Aplica;Contrapartida - Banco Internacional para Reconstrucao e o Desenvolvimento - BIRD;1;
