Código;Especificação;Cod. Aplicação;Fonte STN;Fonte de Recurso;Prev. Inicial;Prev. Atualizada;Arrec. Período;Arrec. Total
1000.00.0.0.00.00;RECEITAS CORRENTES.;;;;69.674.000,00;69.674.000,00;39.974.153,86;39.974.153,86
1100.00.0.0.00.00;IMPOSTOS, TAXAS E CONTRIBUIÇÕES DE MELHORIA;;;;16.011.000,00;16.011.000,00;8.741.679,61;8.741.679,61
1110.00.0.0.00.00;IMPOSTOS;;;;14.768.000,00;14.768.000,00;7.902.757,97;7.902.757,97
1112.00.0.0.00.00;IMPOSTOS SOBRE O PATRIMÔNIO;;;;9.410.000,00;9.410.000,00;5.671.482,03;5.671.482,03
1112.50.0.1.00.00;IPTU - PRINCIPAL;;;;4.800.000,00;4.800.000,00;3.473.213,59;3.473.213,59
1112.50.0.1.00.00;IPTU - PRINCIPAL;110.000;1.500 0;0.01.00 ;4.800.000,00;4.800.000,00;3.473.213,59;3.473.213,59
1112.50.0.2.00.00;IPTU - MULTAS E JUROS;;;;30.000,00;30.000,00;2.428,55;2.428,55
1112.50.0.2.00.00;IPTU - MULTAS E JUROS;110.000;1.500 0;0.01.00 ;30.000,00;30.000,00;2.428,55;2.428,55
1112.50.0.3.00.00;IPTU - DIVIDA ATIVA;;;;880.000,00;880.000,00;497.560,25;497.560,25
1112.50.0.3.00.00;IPTU - DIVIDA ATIVA;110.000;1.500 0;0.01.00 ;880.000,00;880.000,00;497.560,25;497.560,25
1112.50.0.4.00.00;IPTU- DIVIDA ATIVA MULTAS JUROS;;;;100.000,00;100.000,00;41.861,89;41.861,89
1112.50.0.4.00.00;IPTU- DIVIDA ATIVA MULTAS JUROS;110.000;1.500 0;0.01.00 ;100.000,00;100.000,00;41.861,89;41.861,89
1112.53.0.1.00.00;"ITBI-""INTER VIVOS""-PRINCIPAL";;;;3.600.000,00;3.600.000,00;1.656.417,75;1.656.417,75
1112.53.0.1.00.00;"ITBI-""INTER VIVOS""-PRINCIPAL";110.000;1.500 0;0.01.00 ;3.600.000,00;3.600.000,00;1.656.417,75;1.656.417,75
1113.00.0.0.00.00;IMPOSTOS SOBRE A RENDA E PROVENTOS DE QUALQUER NATUREZA;;;;1.200.000,00;1.200.000,00;931.120,73;931.120,73
1113.03.1.1.00.00;IRRF-TRABALHO-PRINCIPAL;;;;900.000,00;900.000,00;731.494,26;731.494,26
1113.03.1.1.00.00;IRRF-TRABALHO-PRINCIPAL;110.000;1.500 0;0.01.00 ;900.000,00;900.000,00;731.494,26;731.494,26
1113.03.4.1.00.00;IRRF- OUTROS RENDIMENTOS-PRINCIPAL;;;;300.000,00;300.000,00;199.626,47;199.626,47
1113.03.4.1.10.05;IRRF- Outros Rend. Pessoa Jurídica;110.000;1.500 0;0.01.00 ;250.000,00;250.000,00;199.626,47;199.626,47
1113.03.4.1.20.05;IRRF- Outros Rend. Pessoa Física;110.000;1.500 0;0.01.00 ;50.000,00;50.000,00;0,00;0,00
1114.00.0.0.00.00;IMPOSTO PRODUÇÃO CIRCULAÇÃO MERCADORIAS SERVIÇOS;;;;4.158.000,00;4.158.000,00;1.300.155,21;1.300.155,21
1114.51.1.1.00.00;ISSQN - PRINCIPAL;;;;4.080.000,00;4.080.000,00;1.236.954,64;1.236.954,64
1114.51.1.1.00.05;ISSQN - PRINCIPAL - Normal Próprio;110.000;1.500 0;0.01.00 ;3.280.000,00;3.280.000,00;776.825,41;776.825,41
1114.51.1.1.00.09;ISSQN - PRINCIPAL - Simples Nacional - SNA;110.000;1.500 0;0.01.00 ;800.000,00;800.000,00;460.129,23;460.129,23
1114.51.1.2.00.00;ISSQN -MULTAS E JUROS;;;;3.000,00;3.000,00;2.221,73;2.221,73
1114.51.1.2.00.00;ISSQN -MULTAS E JUROS;110.000;1.500 0;0.01.00 ;3.000,00;3.000,00;2.221,73;2.221,73
1114.51.1.3.00.00;ISSQN - DIVIDA ATIVA;;;;70.000,00;70.000,00;53.998,12;53.998,12
1114.51.1.3.00.00;ISSQN - DIVIDA ATIVA;110.000;1.500 0;0.01.00 ;70.000,00;70.000,00;53.998,12;53.998,12
1114.51.1.4.00.00;ISSQN -DIVIDA ATIVA MULTAS JUROS;;;;5.000,00;5.000,00;6.980,72;6.980,72
1114.51.1.4.00.00;ISSQN -DIVIDA ATIVA MULTAS JUROS;110.000;1.500 0;0.01.00 ;5.000,00;5.000,00;6.980,72;6.980,72
1120.00.0.0.00.00;TAXAS;;;;1.243.000,00;1.243.000,00;838.921,64;838.921,64
1121.00.0.0.00.00;TAXAS PELO EXERCÍCIO DO PODER DE POLÍCIA;;;;322.000,00;322.000,00;130.988,66;130.988,66
1121.01.0.1.00.00;TAXAS DE INSPEÇÃO, CONTROLE E FISCALIZAÇÃO - PRINCIPAL;;;;316.000,00;316.000,00;115.235,78;115.235,78
1121.01.0.1.00.03;Tx. Inspeção/Controle/Fiscaliz. Outras Taxas - Principal;110.000;1.501 0;0.01.74 ;300.000,00;300.000,00;110.608,28;110.608,28
1121.01.0.1.00.06;Tx. Inspeção/Controle/Fiscaliz. Permissão Onibus, Vans Simil;110.000;1.501 0;0.01.74 ;16.000,00;16.000,00;4.627,50;4.627,50
1121.01.0.2.00.00;TAXAS DE INSPEÇÃO, CONTROLE E FISCALIZAÇÃO - MULTAS E JUROS;;;;500,00;500,00;2.163,29;2.163,29
1121.01.0.2.00.00;TAXAS DE INSPEÇÃO, CONTROLE E FISCALIZAÇÃO - MULTAS E JUROS;110.000;1.501 0;0.01.74 ;500,00;500,00;2.163,29;2.163,29
1121.01.0.3.00.00;TAXAS DE INSPEÇÃO, CONTROLE E FISCALIZAÇÃO - DÍVIDA ATIVA;;;;5.000,00;5.000,00;10.873,54;10.873,54
1121.01.0.3.00.00;TAXAS DE INSPEÇÃO, CONTROLE E FISCALIZAÇÃO - DÍVIDA ATIVA;110.000;1.501 0;0.01.74 ;5.000,00;5.000,00;10.873,54;10.873,54
1121.01.0.4.00.00;TAXAS DE INSPEÇÃO, CONTROLE E FISCALIZAÇÃO -D/A M/JUROS;;;;500,00;500,00;2.716,05;2.716,05
1121.01.0.4.00.00;TAXAS DE INSPEÇÃO, CONTROLE E FISCALIZAÇÃO -D/A M/JUROS;110.000;1.501 0;0.01.74 ;500,00;500,00;2.716,05;2.716,05
1122.00.0.0.00.00;TAXAS PELA PRESTAÇÃO DE SERVIÇOS;;;;921.000,00;921.000,00;707.932,98;707.932,98
1122.01.0.1.00.00;TAXAS PELA PRESTAÇÃO DE SERVIÇOS EM GERAL - PRINCIPAL;;;;860.000,00;860.000,00;621.688,09;621.688,09
1122.01.0.1.00.04;Tx. Serv. - Coleta de Lixo Domiciliar;110.000;1.501 0;0.01.75 ;700.000,00;700.000,00;370.645,44;370.645,44
1122.01.0.1.00.08;Tx. Serv. - Outras taxas p/Prestação de Serviços;110.000;1.501 0;0.01.75 ;160.000,00;160.000,00;251.042,65;251.042,65
1122.01.0.2.00.00;TAXAS PELA PRESTAÇÃO DE SERVIÇOS EM GERAL - MULTAS E JUROS;;;;1.000,00;1.000,00;982,24;982,24
1122.01.0.2.00.00;TAXAS PELA PRESTAÇÃO DE SERVIÇOS EM GERAL - MULTAS E JUROS;110.000;1.501 0;0.01.75 ;1.000,00;1.000,00;982,24;982,24
1122.01.0.3.00.00;TAXAS PELA PRESTAÇÃO DE SERVIÇOS EM GERAL - DÍVIDA ATIVA;;;;50.000,00;50.000,00;69.855,67;69.855,67
1122.01.0.3.00.00;TAXAS PELA PRESTAÇÃO DE SERVIÇOS EM GERAL - DÍVIDA ATIVA;110.000;1.501 0;0.01.75 ;50.000,00;50.000,00;69.855,67;69.855,67
1122.01.0.4.00.00;TAXAS PELA PRESTAÇÃO DE SERVIÇOS EM GERAL - D.ATIVA M/JUROS;;;;10.000,00;10.000,00;15.406,98;15.406,98
1122.01.0.4.00.00;TAXAS PELA PRESTAÇÃO DE SERVIÇOS EM GERAL - D.ATIVA M/JUROS;110.000;1.501 0;0.01.75 ;10.000,00;10.000,00;15.406,98;15.406,98
1300.00.0.0.00.00;RECEITA PATRIMONIAL;;;;645.000,00;645.000,00;549.543,41;549.543,41
1320.00.0.0.00.00;VALORES MOBILIÁRIOS;;;;382.000,00;382.000,00;323.938,67;323.938,67
1321.00.0.0.00.00;JUROS E CORREÇÕES MONETÁRIAS;;;;382.000,00;382.000,00;323.938,67;323.938,67
1321.01.0.1.00.00;REMUNERAÇÃO DE DEPÓSITOS BANCÁRIOS - PRINCIPAL;;;;382.000,00;382.000,00;323.938,67;323.938,67
1321.01.0.1.01.00;Rem.Dep.B. Royalties CFH e Itaipu - 109963-9 BB;110.000;1.501 0;0.01.34 ;35.000,00;35.000,00;16.433,43;16.433,43
1321.01.0.1.02.00;Rem.Dep.B. CIDE - 107202-1 BB;131.000;1.750 0;0.01.45 ;500,00;500,00;1.164,79;1.164,79
1321.01.0.1.03.00;Rem.Dep.B. -  Transito Municipal -  Sant. 11399;411.000;1.752 0;0.01.00 ;1.000,00;1.000,00;0,00;0,00
1321.01.0.1.04.00;Rem.Dep.B.FUMSEP - F. Segur. Muni;100.400;1.899 0;0.06.86 ;5.000,00;5.000,00;0,00;0,00
1321.01.0.1.10.01;Rem.Dep.B. FUNDEB -13246-2 BB;263.000;1.540 0;0.05.10 ;15.000,00;15.000,00;10.926,61;10.926,61
1321.01.0.1.10.04;Rem.Dep.B. MDE - Tesouro BAN. 58-9;220.001;1.599 0;0.01.00 ;2.000,00;2.000,00;0,00;0,00
1321.01.0.1.10.06;Rem.Dep.B.- FNDE- QSE- 106961-6 BB;221.000;1.550 0;0.05.12 ;3.000,00;3.000,00;1.039,61;1.039,61
1321.01.0.1.10.07;Rem.Dep.B.- FNDE - ETI- Escola Tempo Integral (c/c 16539-5);296.023;1.569 0;0.05.11 ;0,00;0,00;508,85;508,85
1321.01.0.1.10.08;Rem.Dep.B.- FNDE- PNATE-109490-4 BB;221.000;1.553 0;0.05.11 ;500,00;500,00;160,19;160,19
1321.01.0.1.10.09;Rem.Dep.B.- FNDE- PNAE-105367-1 BB;221.000;1.552 0;0.05.11 ;500,00;500,00;391,97;391,97
1321.01.0.1.10.12;Rem.Dep.B.- SEE-SP - Transp.Escol.-100064-0 BB;220.014;1.571 0;0.02.19 ;1.000,00;1.000,00;287,61;287,61
1321.01.0.1.10.14;Rem.Dep.B.- DSE-SP- Merenda Esc.-107724-4r BB;100.006;1.571 0;0.02.19 ;500,00;500,00;210,22;210,22
1321.01.0.1.20.02;Rem.Dep. B. FMS-Tesouro-Ban.57-2;311.000;1.500 0;0.01.00 ;1.000,00;1.000,00;0,00;0,00
1321.01.0.1.20.04;Rem.Dep.B - Gov-SP - Gestão Plena 108320-1 BB;307.050;1.621 0;0.02.15 ;2.000,00;2.000,00;4.766,91;4.766,91
1321.01.0.1.20.06;Rem.Dep.B. FMS-FUS-BB 106120-8;311.000;1.500 0;0.01.00 ;1.000,00;1.000,00;8.591,88;8.591,88
1321.01.0.1.20.08;Rem.Dep.B. - FNS- Custeio - c 13032-x;351.000;1.600 0;0.05.13 ;10.000,00;10.000,00;10.506,25;10.506,25
1321.01.0.1.20.09;Rem.Dep.B.- FNS- Investimentos;361.000;1.601 0;0.05.13 ;1.000,00;1.000,00;0,40;0,40
1321.01.0.1.20.70;Rem.Dep.B.  FNS - Ps. Enfermagem - B.B 16380-5;370.000;1.605 0;0.05.13 ;0,00;0,00;2.597,04;2.597,04
1321.01.0.1.30.02;Rem.Dep.B.- FMAS - Própria - Sant. 45040-0;510.000;1.669 0;0.01.00 ;500,00;500,00;0,00;0,00
1321.01.0.1.30.04;Rem.Dep.B.- SEDS- PSB - PROT.SOC. BÁSICA- BB. 12696-9;511.000;1.661 0;0.02.19 ;500,00;500,00;1.870,05;1.870,05
1321.01.0.1.30.05;Rem.D.B. SP-FEAS - Beneficios Eventuais;500.017;1.661 0;0.02.19 ;0,00;0,00;419,21;419,21
1321.01.0.1.30.06;Rem.Dep.B.- FNAS-Bl.PSB - SCFV;500.001;1.660 0;0.05.14 ;500,00;500,00;3.013,62;3.013,62
1321.01.0.1.30.07;Rem.Dep.B - FNAS - Bl.GBF - Gestão Bolsa Familia - IGD;500.053;1.660 0;0.05.14 ;500,00;500,00;2.824,21;2.824,21
1321.01.0.1.30.08;Rem.Dep.B - FNAS- Bl.GSUAS - IGDSUAS;500.065;1.660 0;0.05.14 ;500,00;500,00;11,75;11,75
1321.01.0.1.30.25;Rem.Dep.B. FNAS   PROCAD-SUAS - B.B. 16131-4;500.067;1.660 0;0.05.14 ;0,00;0,00;279,04;279,04
1321.01.0.1.70.00;Rem. Dep. Bancarios Outros Rec. Vinculados;110.000;1.799 0;0.01.00 ;500,00;500,00;0,00;0,00
1321.01.0.1.90.00;Rem. Dep. Bancarios Rec. NÃO Vinculados;;;;0,00;0,00;51.932,40;51.932,40
1321.01.0.1.90.00;Rem. Dep. Bancarios Rec. NÃO Vinculados;111.000;1.501 0;0.01.00 ;300.000,00;300.000,00;206.002,63;206.002,63
1321.01.0.1.90.55;Rem.Dep.B. Poupança - Consig. Sant. 60601592-4;100.099;1.899 0;0.01.00 ;0,00;0,00;4.905,89;4.905,89
1321.01.0.1.90.57;Rem.Dep.B.  T.t. Arnaldo Jardim - B.B 16303-1;800.400;1.700 3110;0.05.18 ;0,00;0,00;7.347,89;7.347,89
1321.01.0.1.90.59;Rem.Dep.B.  FNC - Inc. Lei Aldir Blank - B.B. 16563-8;100.064;1.700 0;0.05.18 ;0,00;0,00;467,23;467,23
1321.01.0.1.90.61;Rem.Dep.B.  MIT - Pça Sudario L. Lopes - B.B. 16525-5;100.100;1.701 0;0.02.19 ;0,00;0,00;0,00;0,00
1321.01.0.1.90.63;Rem.Dep.B. Trs.Esp. Guil e Arnaldo - B.B. 15528-4;800.200;1.706 3110;0.05.18 ;0,00;0,00;5.515,13;5.515,13
1321.01.0.1.90.65;Rem.Dep.B. E.P. Pix Arnaldo  Jardim- CEF 575994133-6;800.010;1.706 3110;0.05.18 ;0,00;0,00;0,00;0,00
1321.01.0.1.90.65;Rem.Dep.B. E.P. Pix Arnaldo  Jardim- CEF 575994133-6;802.010;1.706 3110;0.05.21 ;0,00;0,00;26.909,22;26.909,22
1321.01.0.1.90.67;Rem.Dep.B. FUNSET - 130152r;100.400;1.869 0;0.06.86 ;0,00;0,00;3.096,69;3.096,69
1321.01.0.1.90.80;Rem.D.B - FNS-Inc.Temp.  Arnaldo Jad. At. Prim.Custeio;800.025;1.600 3110;0.05.13 ;0,00;0,00;2.727,69;2.727,69
1321.01.0.1.90.91;Rem.Dep.B. FMSAI - Fdo Mun. de Saneamento Amb.;100.500;1.759 0;0.01.29 ;0,00;0,00;962,66;962,66
1330.00.0.0.00.00;DELEGAÇÃO DE SERVIÇOS PÚBLICOS MEDIANTE CONCESSÃO, PERMISSÃO;;;;0,00;0,00;74.273,67;74.273,67
1335.00.0.0.00.00;DELEGAÇÃO DOS SERVIÇOS DE SANEAMENTO BÁSICO;;;;0,00;0,00;74.273,67;74.273,67
1335.51.0.1.00.00;DELEG.SERV.ESGOTAMENTO SANITÁRIO-PRINCIPAL;;;;0,00;0,00;74.273,67;74.273,67
1335.51.0.1.00.00;DELEG.SERV.ESGOTAMENTO SANITÁRIO-PRINCIPAL;100.500;1.759 0;0.01.29 ;0,00;0,00;74.273,67;74.273,67
1390.00.0.0.00.00;DEMAIS RECEITAS PATRIMONIAIS;;;;263.000,00;263.000,00;151.331,07;151.331,07
1399.00.0.0.00.00;OUTRAS RECEITAS PATRIMONIAIS;;;;263.000,00;263.000,00;151.331,07;151.331,07
1399.99.0.1.00.00;OUTRAS RECEITAS PATRIMONIAIS - PRINCIPAL;;;;260.000,00;260.000,00;149.189,25;149.189,25
1399.99.0.1.00.10;Concessão, Aluguel de Bens Imoveis;110.000;1.501 0;0.01.00 ;260.000,00;260.000,00;149.189,25;149.189,25
1399.99.0.2.00.00;OUTRAS RECEITAS PATRIMONIAIS - MULTAS E JUROS;;;;1.000,00;1.000,00;2.141,82;2.141,82
1399.99.0.2.00.00;OUTRAS RECEITAS PATRIMONIAIS - MULTAS E JUROS;110.000;1.501 0;0.01.00 ;1.000,00;1.000,00;2.141,82;2.141,82
1399.99.0.3.00.00;OUTRAS RECEITAS PATRIMONIAIS - DÍVIDA ATIVA;;;;1.000,00;1.000,00;0,00;0,00
1399.99.0.3.00.00;OUTRAS RECEITAS PATRIMONIAIS - DÍVIDA ATIVA;110.000;1.501 0;0.01.00 ;1.000,00;1.000,00;0,00;0,00
1399.99.0.4.00.00;OUTRAS RECEITAS PATRIMONIAIS -D.A M/JUROS;;;;1.000,00;1.000,00;0,00;0,00
1399.99.0.4.00.00;OUTRAS RECEITAS PATRIMONIAIS -D.A M/JUROS;110.000;1.501 0;0.01.00 ;1.000,00;1.000,00;0,00;0,00
1600.00.0.0.00.00;RECEITA DE SERVIÇOS;;;;95.000,00;95.000,00;29.939,09;29.939,09
1690.00.0.0.00.00;OUTROS SERVIÇOS;;;;95.000,00;95.000,00;29.939,09;29.939,09
1699.00.0.0.00.00;OUTROS SERVIÇOS;;;;95.000,00;95.000,00;29.939,09;29.939,09
1699.99.0.1.00.00;OUTROS SERVIÇOS – PRINCIPAL;;;;95.000,00;95.000,00;29.939,09;29.939,09
1699.99.0.1.00.03;OUTROS SERVIçOS - Cemiterio e Serviços Funebres;110.000;1.501 0;0.01.00 ;15.000,00;15.000,00;4.997,70;4.997,70
1699.99.0.1.00.05;OUTROS SERVIçOS - Horas de Maquinas, Veiculos e Equip.;110.000;1.501 0;0.01.00 ;80.000,00;80.000,00;24.941,39;24.941,39
1700.00.0.0.00.00;TRANSFERÊNCIAS CORRENTES;;;;52.538.000,00;52.538.000,00;30.485.538,50;30.485.538,50
1710.00.0.0.00.00;TRANSFERÊNCIAS DA UNIÃO E DE SUAS ENTIDADES;;;;25.224.000,00;25.224.000,00;14.567.112,65;14.567.112,65
1711.00.0.0.00.00;TRANSFERÊNCIAS DECORRENTES DE PARTICIPAÇÃO NA RECEITA DA UNI;;;;19.030.000,00;19.030.000,00;11.038.592,30;11.038.592,30
1711.51.1.1.00.00;COTA-PARTE DO FPM- COTA MENSAL - PRINCIPAL;;;;17.000.000,00;17.000.000,00;10.297.021,51;10.297.021,51
1711.51.1.1.00.00;COTA-PARTE DO FPM- COTA MENSAL - PRINCIPAL;110.000;1.500 0;0.01.00 ;17.000.000,00;17.000.000,00;10.297.021,51;10.297.021,51
1711.51.2.1.00.00;COTA-PARTE DO FPM- COTAS EXTRAORDINARIAS - PRINCIPAL;;;;1.950.000,00;1.950.000,00;738.961,25;738.961,25
1711.51.2.1.00.00;COTA-PARTE DO FPM- COTAS EXTRAORDINARIAS - PRINCIPAL;110.000;1.500 0;0.01.00 ;1.950.000,00;1.950.000,00;738.961,25;738.961,25
1711.52.0.1.00.00;COTA-PARTE DO IMP. PROPRIED.TERRIT.RURAL - PRINCIPAL;;;;80.000,00;80.000,00;2.609,54;2.609,54
1711.52.0.1.00.00;COTA-PARTE DO IMP. PROPRIED.TERRIT.RURAL - PRINCIPAL;110.000;1.500 0;0.01.00 ;80.000,00;80.000,00;2.609,54;2.609,54
1712.00.0.0.00.00;TRANSF.COMPENS.FINANC.EXPL.RECURSOS NATURAIS;;;;3.851.000,00;3.851.000,00;1.801.977,03;1.801.977,03
1712.50.0.1.00.00;COTA-PARTE COMPENS.FINANC.EXPL.RECUR.HÍDR.-PRINCIPAL;;;;3.500.000,00;3.500.000,00;1.606.501,13;1.606.501,13
1712.50.0.1.00.03;COTA-PARTE- Comp. Financeira Rec. Hidricos- Jaguara;110.000;1.709 0;0.01.34 ;3.400.000,00;3.400.000,00;1.565.134,12;1.565.134,12
1712.50.0.1.00.05;COTA-PARTE- Comp. Financeira Rec.Hidricos-  ITAIPU;110.000;1.709 0;0.01.34 ;100.000,00;100.000,00;41.367,01;41.367,01
1712.51.0.1.00.00; CFEM - PRINCIPAL;;;;1.000,00;1.000,00;0,00;0,00
1712.51.0.1.00.00; CFEM - PRINCIPAL;110.000;1.500 0;0.01.00 ;1.000,00;1.000,00;0,00;0,00
1712.52.4.1.00.00;COTA - PARTE FEP– PRINCIPAL;;;;350.000,00;350.000,00;195.475,90;195.475,90
1712.52.4.1.00.00;COTA - PARTE FEP– PRINCIPAL;110.000;1.500 0;0.01.42 ;350.000,00;350.000,00;195.475,90;195.475,90
1713.00.0.0.00.00;TRANSFERÊNCIAS RECURSOS SISTEMA ÚNICO SAÚDE – SUS ;;;;1.599.000,00;1.599.000,00;1.254.180,15;1.254.180,15
1713.50.1.1.00.00;TRANS.SUS-BLOCO MANUT.ATEN.PRIMÁRIA-PRINCIPAL;;;;1.105.000,00;1.105.000,00;936.554,08;936.554,08
1713.50.1.1.05.00;FNS - At. Primaria -  ACS Agentes Comunitarios de Saude;313.000;1.604 0;0.05.13 ;180.000,00;180.000,00;106.260,00;106.260,00
1713.50.1.1.10.05;FNS - At. Primaria - Equipes ESF e EAP  -(PAB, NASF, ESF);350.000;1.600 0;0.05.13 ;300.000,00;300.000,00;0,00;0,00
1713.50.1.1.20.25;FNS - At. Primaria - Saude Bucal (SB CEO BSOR);350.000;1.600 0;0.05.13 ;600.000,00;600.000,00;333.152,47;333.152,47
1713.50.1.1.30.25;FNS - At. Primaria - Inc. Fin. APS - Compon. Percapta Popula;350.000;1.600 0;0.05.13 ;25.000,00;25.000,00;247.141,61;247.141,61
1713.50.1.1.90.25;FNS - At. Prim. Increm. Tempor. Custeio - Arnaldo Jardim;800.025;1.600 3110;0.05.13 ;0,00;0,00;250.000,00;250.000,00
1713.50.2.1.00.00;TRANS.SUS-BLOCO MANUT.ATEN.ESPEC.-PRINCIPAL;;;;65.000,00;65.000,00;34.258,98;34.258,98
1713.50.2.1.40.01;FNS - At. MAC - Media e Alta Complexidade - Teto MAC;350.000;1.600 0;0.05.13 ;65.000,00;65.000,00;34.258,98;34.258,98
1713.50.3.1.00.00;TRANS.SUS-BLOCO MANUT-VIGILÂNCIA SAÚDE-PRINCIPAL;;;;104.000,00;104.000,00;102.628,19;102.628,19
1713.50.3.1.50.02;FNS - Vigilancia em Saude - ACE. Agente Combate Endemias;313.000;1.604 0;0.05.13 ;72.000,00;72.000,00;85.229,60;85.229,60
1713.50.3.1.50.04;FNS - Vigilancia em Saude - Vig. Epdemiologica;350.000;1.600 0;0.05.13 ;20.000,00;20.000,00;11.398,59;11.398,59
1713.50.3.1.50.06;FNS - Vigilancia em Saude - Vig. Sanitária;350.000;1.600 0;0.05.13 ;12.000,00;12.000,00;6.000,00;6.000,00
1713.50.4.1.00.00;TRANS.SUS- BLOCO MANUT.-ASSIST.FARMAC.-PRINCIPAL;;;;15.000,00;15.000,00;12.427,14;12.427,14
1713.50.4.1.70.01;FNS - Assistencia Farmaceutica;350.000;1.600 0;0.05.13 ;15.000,00;15.000,00;12.427,14;12.427,14
1713.50.5.1.00.00;TRANS.SUS- BLOCO MANUT.-GESTÃO SUS-PRINCIPAL;;;;310.000,00;310.000,00;168.311,76;168.311,76
1713.50.5.1.25.01;FNS - Gestão SUS -  Incentivo Piso Enfermagem;370.000;1.605 0;0.05.13 ;290.000,00;290.000,00;168.311,76;168.311,76
1713.50.5.1.40.25;FNS - Gestão SUS -  Transformação Digital no SUS;350.000;1.600 0;0.05.13 ;20.000,00;20.000,00;0,00;0,00
1714.00.0.0.00.00;TRANSF.RECURSOS FUNDO NAC.DESENVOLVIMENTO EDUCAÇÃO-FNDE  ;;;;426.000,00;426.000,00;280.138,59;280.138,59
1714.50.0.1.00.00;TRANSF.SALÁRIO-EDUCAÇÃO– PRINCIPAL;;;;260.000,00;260.000,00;168.142,40;168.142,40
1714.50.0.1.00.00;TRANSF.SALÁRIO-EDUCAÇÃO– PRINCIPAL;282.000;1.550 0;0.05.12 ;260.000,00;260.000,00;168.142,40;168.142,40
1714.52.0.1.00.00;TRANSF.PROGR.NAC. ALIMEN.ESCOLA-PNAE-PRINCIPAL;;;;137.000,00;137.000,00;97.326,00;97.326,00
1714.52.0.1.01.00;FNDE- PNAE - Alimentação e Nutrição  Esc.- CRECHE;283.000;1.552 0;0.05.11 ;32.000,00;32.000,00;25.687,50;25.687,50
1714.52.0.1.03.00;FNDE- PNAE - Alimentação e Nutrição  Esc.- PreEscola;284.000;1.552 0;0.05.11 ;25.000,00;25.000,00;15.382,50;15.382,50
1714.52.0.1.05.00;FNDE- PNAE - Alimentação e Nutrição  Esc.- Ens. Fundamental;285.000;1.552 0;0.05.11 ;60.000,00;60.000,00;44.052,00;44.052,00
1714.52.0.1.07.00;FNDE- PNAE - Alimentação e Nutrição  Esc.- Ens. Medio;233.000;1.552 0;0.05.11 ;16.000,00;16.000,00;9.450,00;9.450,00
1714.52.0.1.09.00;FNDE- PNAE - Alimentação e Nutrição  Escolar A.E.E.;242.000;1.552 0;0.05.11 ;4.000,00;4.000,00;2.754,00;2.754,00
1714.53.0.1.00.00;TRANSF.PROG.NAC.TRANSP.ESCOLAR-PNATE-PRINCIPAL;;;;29.000,00;29.000,00;14.670,19;14.670,19
1714.53.0.1.02.32;PNATE - Ensino Medio - Port/MEC n°3/21;232.000;1.553 0;0.05.11 ;4.000,00;4.000,00;2.915,23;2.915,23
1714.53.0.1.02.87;PNATE- Educação Infantil PRE-ESC- Port/MEC n°3/21.;287.000;1.553 0;0.05.11 ;4.000,00;4.000,00;1.128,48;1.128,48
1714.53.0.1.02.88;PNATE - Ensino Fundamental - Port/MEC n°3/21;288.000;1.553 0;0.05.11 ;21.000,00;21.000,00;10.626,48;10.626,48
1715.00.0.0.00.00;TRANSFERÊNCIAS  COMPLEMENTAÇÃO DA UNIÃO -FUNDEB ;;;;0,00;0,00;70.943,14;70.943,14
1715.52.0.1.00.00;TRANSF.COMP.UNIÃO FUNDEB-VAAR-PRINCIPAL;;;;0,00;0,00;70.943,14;70.943,14
1715.52.0.1.00.00;TRANSF.COMP.UNIÃO FUNDEB-VAAR-PRINCIPAL;260.703;1.543 0;0.05.10 ;0,00;0,00;70.943,14;70.943,14
1716.00.0.0.00.00;TRANSF.RECURSOS FUNDO NACIONAL ASSISTÊNCIA SOCIAL-FNAS;;;;208.000,00;208.000,00;88.858,14;88.858,14
1716.50.0.1.00.00;TRANSF.RECUR.-FNAS-PRINCIPAL;;;;208.000,00;208.000,00;88.858,14;88.858,14
1716.50.0.1.10.02;FNAS -  Indice de Gestão Descentralizada - IGDBF;500.053;1.660 0;0.05.14 ;40.000,00;40.000,00;20.176,00;20.176,00
1716.50.0.1.10.04;FNAS - Piso Básico Fixo - PBF  (PAIF);500.018;1.660 0;0.05.14 ;60.000,00;60.000,00;24.324,77;24.324,77
1716.50.0.1.10.06;FNAS - Proteção Social Basica - SCFV - Serv. Conv. Fort. Vin;500.001;1.660 0;0.05.14 ;90.000,00;90.000,00;38.357,37;38.357,37
1716.50.0.1.10.08;FNAS - Indice Gestão Decentr - PROGRAUXIL. BRASIL - PAB;500.065;1.660 0;0.05.14 ;6.000,00;6.000,00;0,00;0,00
1716.50.0.1.20.00;FNAS - PROCAD-SUAS;500.067;1.660 0;0.05.14 ;12.000,00;12.000,00;6.000,00;6.000,00
1719.00.0.0.00.00;OUTRAS TRANSFERÊNCIAS RECURSOS UNIÃO E DE SUAS ENTIDADES;;;;110.000,00;110.000,00;32.423,30;32.423,30
1719.58.0.1.00.00;TRANSF.OBRIG.LEI COMPLEM.Nº 176/2020-PRINCIPAL;;;;60.000,00;60.000,00;32.423,30;32.423,30
1719.58.0.1.20.23;ICMS Desoneração Lei Kandir LC 176;110.000;1.500 0;0.01.00 ;60.000,00;60.000,00;32.423,30;32.423,30
1719.60.0.1.00.00;TRANSF.ALDIR BLANC LEI Nº 14.399/2022-PRINCIPAL;;;;50.000,00;50.000,00;0,00;0,00
1719.60.0.1.00.00;TRANSF.ALDIR BLANC LEI Nº 14.399/2022-PRINCIPAL;100.064;1.700 0;0.05.18 ;50.000,00;50.000,00;0,00;0,00
1720.00.0.0.00.00;TRANSFERÊNCIAS ESTADOS  DISTRITO FEDERAL E DE SUAS ENTIDADES;;;;23.429.000,00;23.429.000,00;13.581.167,75;13.581.167,75
1721.00.0.0.00.00;PARTICIPAÇÃO NA RECEITA DOS ESTADOS E DISTRITO FEDERAL;;;;22.555.000,00;22.555.000,00;13.014.147,78;13.014.147,78
1721.50.0.1.00.00;COTA-PARTE DO ICMS – PRINCIPAL;;;;21.000.000,00;21.000.000,00;11.733.187,37;11.733.187,37
1721.50.0.1.00.00;COTA-PARTE DO ICMS – PRINCIPAL;110.000;1.500 0;0.01.00 ;21.000.000,00;21.000.000,00;11.733.187,37;11.733.187,37
1721.51.0.1.00.00;COTA-PARTE DO IPVA – PRINCIPAL;;;;1.400.000,00;1.400.000,00;1.186.550,49;1.186.550,49
1721.51.0.1.00.00;COTA-PARTE DO IPVA – PRINCIPAL;110.000;1.500 0;0.01.00 ;1.400.000,00;1.400.000,00;1.186.550,49;1.186.550,49
1721.52.0.1.00.00;COTA-PARTE DO IPI – MUNICÍPIOS – PRINCIPAL;;;;140.000,00;140.000,00;85.092,13;85.092,13
1721.52.0.1.00.00;COTA-PARTE DO IPI – MUNICÍPIOS – PRINCIPAL;110.000;1.500 0;0.01.00 ;140.000,00;140.000,00;85.092,13;85.092,13
1721.53.0.1.00.00;COTA-PARTE-CIDE-PRINCIPAL;;;;15.000,00;15.000,00;9.317,79;9.317,79
1721.53.0.1.00.00;COTA-PARTE-CIDE-PRINCIPAL;130.001;1.750 0;0.01.17 ;15.000,00;15.000,00;9.317,79;9.317,79
1722.00.0.0.00.00;TRANSF.COMPENS.FINANC.EXPL.RECURSOS NATURAIS;;;;50.000,00;50.000,00;21.977,63;21.977,63
1722.52.0.1.00.00;COTA-PARTE ROYALTIES-PROD.PETRÓEO-PRINCIPAL;;;;50.000,00;50.000,00;21.977,63;21.977,63
1722.52.0.1.00.00;COTA-PARTE ROYALTIES-PROD.PETRÓEO-PRINCIPAL;110.000;1.573 0;0.01.42 ;50.000,00;50.000,00;21.977,63;21.977,63
1723.00.0.0.00.00;TRANSFERÊNCIAS RECURSOS SISTEMA ÚNICO SAÚDE – SUS;;;;71.000,00;71.000,00;149.584,66;149.584,66
1723.50.0.1.00.00;TRANSF.RECURSOS-SUS-PRINCIPAL;;;;71.000,00;71.000,00;149.584,66;149.584,66
1723.50.0.1.00.01;Gov.-SP At. Basica - Gestão Plena;307.050;1.621 0;0.02.15 ;35.000,00;35.000,00;19.159,66;19.159,66
1723.50.0.1.00.03;Gov.-SP At. Basica - S. Bucal - Sorria-SP;307.051;1.621 0;0.02.15 ;36.000,00;36.000,00;100.000,00;100.000,00
1723.50.0.1.00.55;Gov-SP - IGM-SUS Paulista;307.055;1.621 0;0.02.15 ;0,00;0,00;30.425,00;30.425,00
1724.00.0.0.00.00;TRANSF.CONVÊNIOS ESTADOS E DF ENTIDADES;;;;675.000,00;675.000,00;325.092,71;325.092,71
1724.51.0.1.00.00;TRANSF.CONV.ESTADOS PROGR.EDUCAÇÃO-PRINCIPAL;;;;675.000,00;675.000,00;325.092,71;325.092,71
1724.51.0.1.00.01;Gov.-SP Transporte Escolar - S.E.E.;220.014;1.571 0;0.02.16 ;550.000,00;550.000,00;267.652,71;267.652,71
1724.51.0.1.00.08;Gov.-SP - DSE - Merenda Escolar;100.006;1.571 0;0.02.16 ;125.000,00;125.000,00;57.440,00;57.440,00
1729.00.0.0.00.00;OUTRAS TRANSFERÊNCIAS DOS ESTADOS E DISTRITO FEDERAL;;;;78.000,00;78.000,00;70.364,97;70.364,97
1729.51.0.1.00.00;TRANSF.ESTADOS  ASSIST.SOCIAL-PRINCIPAL;;;;78.000,00;78.000,00;70.364,97;70.364,97
1729.51.0.1.00.01;Gov.-SP - SEDS- PSB- Proteção Social Básica;500.010;1.661 0;0.02.19 ;60.000,00;60.000,00;46.453,19;46.453,19
1729.51.0.1.00.05;Gov.-SP - SEDS- PSE- Proteção Social ESPECIAL;500.011;1.661 0;0.02.19 ;18.000,00;18.000,00;0,00;0,00
1729.51.0.1.14.14;SP-FEAS - Beneficios Eventuais;500.017;1.661 0;0.02.19 ;0,00;0,00;23.911,78;23.911,78
1750.00.0.0.00.00;TRANSFERÊNCIAS DE OUTRAS INSTITUIÇÕES PÚBLICAS;;;;3.885.000,00;3.885.000,00;2.337.258,10;2.337.258,10
1751.00.0.0.00.00;TRANSF.RECURSOS FUNDO MANUTENÇÃO DESENVOL.EDUCAÇÃO-FUNDEB;;;;3.885.000,00;3.885.000,00;2.337.258,10;2.337.258,10
1751.50.0.1.00.00;TRANSF.RECURSOS FUNDEB-PRINCIPAL;;;;3.885.000,00;3.885.000,00;2.337.258,10;2.337.258,10
1751.50.0.1.00.00;TRANSF.RECURSOS FUNDEB-PRINCIPAL;260.000;1.540 1070;0.05.10 ;3.885.000,00;3.885.000,00;2.337.258,10;2.337.258,10
1751.50.0.1.02.01;FUNDEB - Complementação VAAR;260.703;1.543 0;0.05.10 ;0,00;0,00;0,00;0,00
1900.00.0.0.00.00;OUTRAS RECEITAS CORRENTES;;;;385.000,00;385.000,00;167.453,25;167.453,25
1910.00.0.0.00.00;MULTAS ADMINISTRATIVAS, CONTRATUAIS E JUDICIAIS;;;;300.000,00;300.000,00;89.509,63;89.509,63
1911.00.0.0.00.00;MULTAS ADMINISTRATIVAS, CONTRATUAIS E JUDICIAIS;;;;300.000,00;300.000,00;89.509,63;89.509,63
1911.14.0.1.00.00;MULTAS PREV.CÓDIGO TRÂNS.BRASILEIRO-CTB-PRINCIPAL;;;;300.000,00;300.000,00;89.509,63;89.509,63
1911.14.0.1.00.00;MULTAS PREV.CÓDIGO TRÂNS.BRASILEIRO-CTB-PRINCIPAL;450.000;1.752 0;0.01.00 ;300.000,00;300.000,00;89.509,63;89.509,63
1920.00.0.0.00.00;INDENIZAÇÕES, RESTITUIÇÕES E RESSARCIMENTOS;;;;5.000,00;5.000,00;20.874,68;20.874,68
1921.00.0.0.00.00;INDENIZAÇÕES;;;;0,00;0,00;618,40;618,40
1921.01.0.1.00.00;INDENIZ.DANOS CAUSADOS PATRIM.PÚBL.-PRINCIPAL;;;;0,00;0,00;618,40;618,40
1921.01.0.1.00.00;INDENIZ.DANOS CAUSADOS PATRIM.PÚBL.-PRINCIPAL;110.000;1.500 0;0.01.00 ;0,00;0,00;618,40;618,40
1922.00.0.0.00.00;RESTITUIÇÕES;;;;5.000,00;5.000,00;20.256,28;20.256,28
1922.01.2.1.00.00;RESTIT.CONVÊNIOS-FINANCEIRAS-PRINCIPAL;;;;5.000,00;5.000,00;19.701,80;19.701,80
1922.01.2.1.00.00;RESTIT.CONVÊNIOS-FINANCEIRAS-PRINCIPAL;110.000;1.500 0;0.01.00 ;5.000,00;5.000,00;19.701,80;19.701,80
1922.02.0.1.00.00;RESTITUIÇÃO BENEF.NÃO DESEMB.-PRINCIPAL;;;;0,00;0,00;554,48;554,48
1922.02.0.1.00.00;RESTITUIÇÃO BENEF.NÃO DESEMB.-PRINCIPAL;110.000;1.500 0;0.01.00 ;0,00;0,00;554,48;554,48
1990.00.0.0.00.00;DEMAIS RECEITAS CORRENTES;;;;80.000,00;80.000,00;57.068,94;57.068,94
1999.00.0.0.00.00;OUTRAS RECEITAS CORRENTES;;;;80.000,00;80.000,00;57.068,94;57.068,94
1999.12.2.1.00.00;ÔNUS DE SUCUMBÊNCIA – PRINCIPAL;;;;80.000,00;80.000,00;57.068,94;57.068,94
1999.12.2.1.25.25;ÔNUS DE SUCUMBÊNCIA – Honorários Advocatícios;110.000;1.501 0;0.06.00 ;80.000,00;80.000,00;57.068,94;57.068,94
2000.00.0.0.00.00;RECEITAS DE CAPITAL;;;;1.250.000,00;1.250.000,00;252.683,31;252.683,31
2200.00.0.0.00.00;ALIENAÇÃO DE BENS;;;;400.000,00;400.000,00;0,00;0,00
2210.00.0.0.00.00;ALIENAÇÃO DE BENS MÓVEIS;;;;400.000,00;400.000,00;0,00;0,00
2213.00.0.0.00.00;ALIENAÇÃO DE BENS MÓVEIS E SEMOVENTES;;;;400.000,00;400.000,00;0,00;0,00
2213.01.0.1.00.00;ALIEN.BENS MÓVEIS E SEMOVENTES-PRINCIPAL;;;;400.000,00;400.000,00;0,00;0,00
2213.01.0.1.00.00;ALIEN.BENS MÓVEIS E SEMOVENTES-PRINCIPAL;120.000;1.755 0;0.01.01 ;400.000,00;400.000,00;0,00;0,00
2400.00.0.0.00.00;TRANSFERÊNCIAS DE CAPITAL;;;;850.000,00;850.000,00;252.683,31;252.683,31
2420.00.0.0.00.00;TRANSF.ESTADOS E DO DISTRITO FEDERAL E DE SUAS ENTIDADES;;;;850.000,00;850.000,00;252.683,31;252.683,31
2422.00.0.0.00.00;TRANSF.CONVÊNIOS ESTADOS E DF E DE SUAS ENTIDADES;;;;850.000,00;850.000,00;252.683,31;252.683,31
2422.99.0.1.00.00;OUTRAS TRANSF.CONV.EST/DFSUA ENTID.-PRINCIPAL;;;;850.000,00;850.000,00;252.683,31;252.683,31
2422.99.0.1.00.96;Gov.-SP-MIT. Munic. Inter. Turistico;100.096;1.701 0;0.02.19 ;850.000,00;850.000,00;0,00;0,00
2422.99.0.1.01.24;MIT - Gov. Sp. Praça Sudario L. Lopes;100.100;1.701 0;0.02.19 ;0,00;0,00;252.683,31;252.683,31
9000.00.0.0.00.00;(R) DEDUCOES DA RECEITA;;;;-7.924.000,00;-7.924.000,00;-4.660.891,30;-4.660.891,30
9500.00.0.0.00.00;(R) DEDUÇÕES DO FUNDEB;;;;-7.924.000,00;-7.924.000,00;-4.660.891,30;-4.660.891,30
9510.00.0.0.00.00;(R) DEDUÇÕES DO FUNDEB;;;;-7.924.000,00;-7.924.000,00;-4.660.891,30;-4.660.891,30
9510.00.0.0.00.00;(R) DEDUÇÕES DO FUNDEB;;;;-7.924.000,00;-7.924.000,00;-4.660.891,30;-4.660.891,30
9510.00.0.0.00.00;(R) DEDUÇÕES DO FUNDEB;110.000;1.540 0;0.01.00 ;-7.924.000,00;-7.924.000,00;-4.660.891,30;-4.660.891,30
;;;;;63.000.000,00;63.000.000,00;35.565.945,87;35.565.945,87
